,name,age,sex,handedness,experiment,list,sentence,taskQuestion,trigger,expectedAnswer,participantAnswer,answer,word1,word2,word3,word4,word5,word6,word7,word8,word9,word10,word11,word12,word13,12,13,14,15,16,17,18,19,20,21,22,23,24
0,jamaican_sub01,21,Female,70,Jamaican Creole,1,Dis a yuh first practice question.,A did one practice sentence?,0,9.0,red,1,,,,,,,,,,,,,,0.2992816000187304,0.29943420001654886,0.29766350000863895,0.29856529997778125,0.2987161999917589,1.0012627000105567,,,,,,,
1,jamaican_sub01,21,Female,70,Jamaican Creole,1,See one next practice question yah,A did one next practice sentence?,0,9.0,red,1,,,,,,,,,,,,,,0.2981333000061568,0.2987674000032712,0.29900219998671673,0.2987857999978587,0.29763469999306835,0.9998790000099689,,,,,,,
2,jamaican_sub01,21,Female,70,Jamaican Creole,1,Di trick a fi keep yuh head still di entire time.,,0,,,,,,,,,,,,,,,,,0.29772289999527857,0.29869130000588484,0.29865690000588074,0.29792250000173226,0.29903039999771863,0.29893380001885816,0.29840269999112934,0.29855940002016723,0.297229799994966,0.29828240000642836,1.000836299994262,,
3,jamaican_sub01,21,Female,70,Jamaican Creole,1,Please nuh try blink during di sentence.,,0,,,,,,,,,,,,,,,,,0.2979399000178091,0.2982401000044774,0.29749709999305196,0.29920780000975356,0.29863509998540394,0.29925870001898147,1.0010730999929365,,,,,,
4,jamaican_sub01,21,Female,70,Jamaican Creole,1,Yuh can blink after di sentence and during di question dem!,Yuh can blink during di sentence?,0,7.0,yellow,1,,,,,,,,,,,,,,0.29852830001618713,0.2985326000198256,0.29720679999445565,0.2970311999961268,0.29821419998188503,0.29864450002787635,0.2977398000075482,0.2983302999928128,0.2988941999792587,0.29696430001058616,1.0006299999949988,,
5,jamaican_sub01,21,Female,70,Jamaican Creole,1,Yuh fi try relax as much as possible.,,0,,,,,,,,,,,,,,,,,0.29817049999837764,0.2977561999869067,0.2989162000012584,0.2986689999816008,0.29855269999825396,0.2982757000136189,0.2989856000058353,1.001692899997579,,,,,
6,jamaican_sub01,21,Female,70,Jamaican Creole,1,Keep yuh eye dem focus pon di box inna di center.,Yuh can look to di side?,0,7.0,red,0,,,,,,,,,,,,,,0.2983368999848608,0.29897500001243316,0.2985484999953769,0.2986776999896392,0.2986498000100255,0.298841200012248,0.29925100001855753,0.2984082000039052,0.29920919999131,0.2988381000177469,1.0013437999878079,,
7,jamaican_sub01,21,Female,70,Jamaican Creole,1,Try fi keep yuh face relaxed.,,0,,,,,,,,,,,,,,,,,0.2991840000031516,0.2989975000091363,0.29924659998505376,0.298634700011462,0.29929949998040684,1.0009480000007898,,,,,,,
8,jamaican_sub01,21,Female,70,Jamaican Creole,1,Tek a moment fi ask any question.,,0,,,,,,,,,,,,,,,,,0.298989500006428,0.29775460000382736,0.298747299995739,0.29829499998595566,0.2988960000220686,0.29895219998434186,1.0012454999960028,,,,,,
9,jamaican_sub01,21,Female,70,Jamaican Creole,1,Dis a di last example sentence.,Nuh more practice questions ago deh deh?,0,7.0,yellow,1,,,,,,,,,,,,,,0.29902690000017174,0.2983801000227686,0.3066918000113219,0.2985188000020571,0.29916189998039044,1.0007813000120223,,,,,,,
10,jamaican_sub01,21,Female,70,Jamaican Creole,1,break,,,,,,,,,,,,,,,,,,,,,,,,,,,,,,,
11,jamaican_sub01,21,Female,70,Jamaican Creole,1,Yessideh di skilled electrician fix di light inna di electronics store.,,72,,,,,,,,,,,,,,,,,0.29884520001360215,0.2991672999924049,0.29845110001042485,0.29960979998577386,0.29901459999382496,0.2990577999735251,0.29879989998880774,0.2988795000128448,0.29931000000215136,0.298620799992932,1.0006189000268932,,
12,jamaican_sub01,21,Female,70,Jamaican Creole,1,Betsy coulda neva tell circle.,,21,,,,,,,,,,,,,,,,,0.2992835000040941,0.2987368000030983,0.2985370999958832,0.2985035000019707,1.0004746000049636,,,,,,,,
13,jamaican_sub01,21,Female,70,Jamaican Creole,1,A di blueprints by di engineer describe di ship before di construction?,,132,,,,,,,,,,,,,,,,,0.2990425000025425,0.2985161000106018,0.29928730000392534,0.29897979999077506,0.29779669997515157,0.29899810001370497,0.30256030001328327,0.29922329998225905,0.29899060001480393,0.29969049998908304,0.2984476999845356,1.0014043999835849,
14,jamaican_sub01,21,Female,70,Jamaican Creole,1,A dah madda deh di hungry pitney did meet inna di restaurant booth.,,68,,,,,,,,,,,,,,,,,0.298563499993179,0.2991471000132151,0.29892370000015944,0.2994526000111364,0.2985315000114497,0.2996436000103131,0.2982796000142116,0.29885759999160655,0.29877560000750236,0.2988947000121698,0.2986895999929402,0.29929080000147223,1.0009751000034157
15,jamaican_sub01,21,Female,70,Jamaican Creole,1,Fada carve di turkey wid a knife.,,7,,,,,,,,,,,,,,,,,0.29867340001510456,0.29932339998777024,0.29930320000858046,0.2985834999999497,0.2986660999886226,0.2988253000075929,1.0007438999891747,,,,,,
16,jamaican_sub01,21,Female,70,Jamaican Creole,1,A who di advice from di consultant assist before di interview?,,144,,,,,,,,,,,,,,,,,0.29869230001349933,0.2987155999871902,0.29811820000759326,0.2989415999909397,0.2991315000108443,0.29874099997687154,0.29883739998331293,0.2987823000003118,0.2990648999984842,0.2984104000206571,1.0014759999758098,,
17,jamaican_sub01,21,Female,70,Jamaican Creole,1,A cook di busy mada did cook di lunch inna di outside kitchen.,,65,,,,,,,,,,,,,,,,,0.2995752999850083,0.30157349997898564,0.2991065999958664,0.2989098000107333,0.29918450000695884,0.29932520000147633,0.2985175000212621,0.29768099999637343,0.29884480001055636,0.2973031000001356,0.2983008000010159,0.2988673000072595,1.000780800008215
18,jamaican_sub01,21,Female,70,Jamaican Creole,1,Wah di survey bout di issue reveal during di meeting?,Di survey was bout di town election?,136,7.0,red,0,,,,,,,,,,,,,,0.2987073000113014,0.2990351000044029,0.29897279999568127,0.2987729999877047,0.2981124999932945,0.2982032000145409,0.2985140999953728,0.2992007000138983,0.2988562000100501,1.0011545999732334,,,
19,jamaican_sub01,21,Female,70,Jamaican Creole,1,"Wen mi did deh a di airport, di stewardess help di travellers.",,33,,,,,,,,,,,,,,,,,0.2982666000025347,0.29870949999894947,0.2989632000098936,0.29817029999685474,0.2990247000125237,0.2988550000009127,0.2982643999857828,0.29875029998947866,0.2988682000141125,0.2990064999903552,0.29845219998969696,1.0007030000269879,
20,jamaican_sub01,21,Female,70,Jamaican Creole,1,Fred put di worm pon one dictionary.,,23,,,,,,,,,,,,,,,,,0.29881370000657625,0.2994060999772046,0.2980534000089392,0.2980902999988757,0.29878199999802746,0.2986871000030078,1.0002816000196617,,,,,,
21,jamaican_sub01,21,Female,70,Jamaican Creole,1,A di verdict from di judge cause di debate during di trial?,,132,,,,,,,,,,,,,,,,,0.2982148999872152,0.29890250001335517,0.29916970001067966,0.29885839999769814,0.29855680000036955,0.29885329998796806,0.29865320000681095,0.2987098000012338,0.29770450000069104,0.29963989998213947,0.2986464999848977,1.0919680000224616,
22,jamaican_sub01,21,Female,70,Jamaican Creole,1,A interview di senior official did interview di agent inna di government office.,Di senior official interview di agent?,65,9.0,red,1,,,,,,,,,,,,,,0.29870449998998083,0.2991673999931663,0.29763939999975264,0.2988482000073418,0.29885019999346696,0.29882789999828674,0.2987286999996286,0.2985830000252463,0.29907889998867176,0.2983523000148125,0.29865859998972155,0.2984588999825064,1.0010369000083301
23,jamaican_sub01,21,Female,70,Jamaican Creole,1,"Wen mi did deh a di capital, di minister meet di president.",,33,,,,,,,,,,,,,,,,,0.29813420001300983,0.2987913999822922,0.29889999999431893,0.2983399999793619,0.2991502000077162,0.2987677000055555,0.2985041000065394,0.29830130000482313,0.29915070001152344,0.29897290002554655,0.2972514000139199,1.0014865999983158,
24,jamaican_sub01,21,Female,70,Jamaican Creole,1,"Dah accountant deh, di new manager did hire him inna di office department.",,66,,,,,,,,,,,,,,,,,0.29785989999072626,0.2992448000004515,0.29910810000728816,0.29898409999441355,0.2978370000200812,0.44084429999929853,0.2989014000049792,0.29906499999924563,0.29839159999391995,0.2979897999903187,0.2984037999995053,0.29902730000321753,1.001542400015751
25,jamaican_sub01,21,Female,70,Jamaican Creole,1,"Wen him did deh a di workshop, di tailor prepare di suit.",A di skirt di tailor prepare?,34,7.0,yellow,1,,,,,,,,,,,,,,0.299293599993689,0.29838660001405515,0.29907249999814667,0.29859240000951104,0.2986333000008017,0.298502899997402,0.2991446000232827,0.29813110001850873,0.2988978000066709,0.29927930000121705,0.29798000000300817,1.001327100006165,
26,jamaican_sub01,21,Female,70,Jamaican Creole,1,A female chicken name hen.,,5,,,,,,,,,,,,,,,,,0.2989432000031229,0.29890829999931157,0.2988342000171542,0.2990165000082925,1.0023225999902934,,,,,,,,
27,jamaican_sub01,21,Female,70,Jamaican Creole,1,"Dah lesson deh, di smart teacha did read it inna di quiet library.",,66,,,,,,,,,,,,,,,,,0.2978570999985095,0.29853759999969043,0.29878899999312125,0.2991374999983236,0.2990579000033904,0.2992390999861527,0.2983251999830827,0.29874200001358986,0.29821029998129234,0.2983216000138782,0.29840060000424273,0.29866639999090694,1.0014820999931544
28,jamaican_sub01,21,Female,70,Jamaican Creole,1,Wah di blueprints fi di building reveal during di inspection?,,136,,,,,,,,,,,,,,,,,0.29867300001205876,0.29833759999019094,0.29867779999040067,0.2986692000122275,0.2984137999883387,0.2973807000089437,0.2989270999969449,0.29921930001000874,0.29810499999439344,1.000619500002358,,,
29,jamaican_sub01,21,Female,70,Jamaican Creole,1,A dah anthem deh di cheerful teacha did sing inna di morning lineup.,,68,,,,,,,,,,,,,,,,,0.29862060002051294,0.2985900999919977,0.29836909999721684,0.3568948000029195,0.2992326999956276,0.29880069999489933,0.29873500001849607,0.298757900018245,0.2994575999910012,0.2990128000092227,0.29849929999909364,0.29906030002166517,1.000954199989792
30,jamaican_sub01,21,Female,70,Jamaican Creole,1,"Wen him did deh a di airport, di pilot prepare di paperwork.",,34,,,,,,,,,,,,,,,,,0.2981593000004068,0.29927660000976175,0.2974771999870427,0.2990082999749575,0.29912929999409243,0.29838029999518767,0.2991899000189733,0.2982822999765631,0.2989467000006698,0.298629400000209,0.2988117999921087,1.0008164999890141,
31,jamaican_sub01,21,Female,70,Jamaican Creole,1,A wah di advertisement fi di show interrupt during di broadcast?,Was di advertisment fi di show?,144,9.0,yellow,0,,,,,,,,,,,,,,0.29999050000333227,0.29894909998984076,0.2974921999848448,0.298760499979835,0.2988356999994721,0.2985923000087496,0.2993519000010565,0.29906439999467693,0.2985188000020571,0.29877890000352636,1.0006862999871373,,
32,jamaican_sub01,21,Female,70,Jamaican Creole,1,Yessideh di noble queen prefer di advisor among di royal ministers.,,72,,,,,,,,,,,,,,,,,0.29888889999710955,0.2986912000051234,0.29836319998139516,0.29922799998894334,0.2990774999780115,0.2988727999909315,0.29835430000093766,0.2985080999787897,0.29867710001417436,0.29952070000581443,1.0007211999909487,,
33,jamaican_sub01,21,Female,70,Jamaican Creole,1,break,,,,,,,,,,,,,,,,,,,,,,,,,,,,,,,
34,jamaican_sub01,21,Female,70,Jamaican Creole,1,A dah barrier deh di distracted driver did strike inna di parking area.,,68,,,,,,,,,,,,,,,,,0.2990568999957759,0.29881550002028234,0.2978286999859847,0.29852959999698214,0.2988397999724839,0.2994368000072427,0.29713619998074137,0.2979087999847252,0.29760190000524744,0.29902279999805614,0.2985307000053581,0.298762499995064,1.001687399984803
35,jamaican_sub01,21,Female,70,Jamaican Creole,1,A who di blackmail by di mistress threaten during di election?,,144,,,,,,,,,,,,,,,,,0.29583699998329394,0.29916600001160987,0.29950839999946766,0.29929660001653247,0.2985378000012133,0.29798489998211153,0.2984400999848731,0.29721710001467727,0.2989250999817159,0.2985832999984268,1.0009255000040866,,
36,jamaican_sub01,21,Female,70,Jamaican Creole,1,Him buy dem inna di candy store.,,7,,,,,,,,,,,,,,,,,0.29862439999124035,0.2983689999964554,0.2979926000116393,0.29854160000104457,0.29855180002050474,0.2984105999930762,1.0016575999907218,,,,,,
37,jamaican_sub01,21,Female,70,Jamaican Creole,1,Yessideh di famous singer sing di ballad inna di party tonight.,,72,,,,,,,,,,,,,,,,,0.29839979999815114,0.45689060000586323,0.29813940002350137,0.2986580999859143,0.2981409999774769,0.29853430000366643,0.2982608999882359,0.2984954999992624,0.29872510000132024,0.2992171999940183,1.0015796000079717,,
38,jamaican_sub01,21,Female,70,Jamaican Creole,1,A di consultation wid di lawyers achieve di deal before di signing?,,132,,,,,,,,,,,,,,,,,0.29842289999942295,0.299244500027271,0.29922039998928085,0.299467500008177,0.2984746999864001,0.29875170000013895,0.3019438000046648,0.29874159998144023,0.29860460001509637,0.2976526999846101,0.29860579999512993,1.0681786999921314,
39,jamaican_sub01,21,Female,70,Jamaican Creole,1,Motorbike can mek nuff fur.,,21,,,,,,,,,,,,,,,,,0.30784210001002066,0.29875210000318475,0.29845689999638125,0.29864439999801107,1.0013610000023618,,,,,,,,
40,jamaican_sub01,21,Female,70,Jamaican Creole,1,A guard di private security did guard di bank near di campus courtyard.,Di private security guard di church?,65,7.0,yellow,1,,,,,,,,,,,,,,0.299199300003238,0.29839790001278743,0.2986113000079058,0.29855539998970926,0.2991176999930758,0.2976687000191305,0.29780179998488165,0.2980360000219662,0.29938680000486784,0.29945729998871684,0.2966960000048857,0.2971403000119608,1.0007072999724187
41,jamaican_sub01,21,Female,70,Jamaican Creole,1,"Wen mi did deh a di conference, di surgeon explain di technique.",,33,,,,,,,,,,,,,,,,,0.2979363999911584,0.29798860001028515,0.29780469997785985,0.2978417999984231,0.2962638000026345,0.2967320999887306,0.2986457000079099,0.29882130000623874,0.2984042000025511,0.29910939998808317,0.29856689998996444,1.0015196000167634,
42,jamaican_sub01,21,Female,70,Jamaican Creole,1,Wah di bribe from di lobbyist cause after di hearing?,,136,,,,,,,,,,,,,,,,,0.2987077000143472,0.2993549999955576,0.29668410000158474,0.29884950001724064,0.29809180001029745,0.2979951999732293,0.29916369999409653,0.2986506999877747,0.29789619997609407,1.0010744000028353,,,
43,jamaican_sub01,21,Female,70,Jamaican Creole,1,Him buy one wall-to-wall carpet.,,5,,,,,,,,,,,,,,,,,0.2982808999950066,0.3052822999889031,0.2983777000044938,0.2980882000119891,1.0007066999969538,,,,,,,,
44,jamaican_sub01,21,Female,70,Jamaican Creole,1,A wah di article bout di scandal reveal after di investigation?,Was di article bout di investigation?,144,7.0,yellow,1,,,,,,,,,,,,,,0.2989365999819711,0.2986979999986943,0.2989079000253696,0.2986938000249211,0.29935010001645423,0.29898980000871234,0.32275550000485964,0.29911579997860827,0.2992552000214346,0.29898510000202805,1.0004331999807619,,
45,jamaican_sub01,21,Female,70,Jamaican Creole,1,A rescue di heroic passerby did rescue di man inna di car accident.,,65,,,,,,,,,,,,,,,,,0.29978420000406913,0.29916969998157583,0.2987167999963276,0.2991205000143964,0.299362400022801,0.2991994999756571,0.29877269998542033,0.2992134999949485,0.2988904000085313,0.2988742000015918,0.29892470000777394,0.2985616999794729,1.0000652000016998
46,jamaican_sub01,21,Female,70,Jamaican Creole,1,Wah di tutorial pon di internet teach during di session?,Di tutorial did deh pon di internet?,136,9.0,red,1,,,,,,,,,,,,,,0.29858469997998327,0.2985824999923352,0.2991760000004433,0.299132100015413,0.297987900004955,0.2988049999985378,0.29880300001241267,0.3826060999999754,0.297947999992175,1.0005335999885574,,,
47,jamaican_sub01,21,Female,70,Jamaican Creole,1,Wen she did deh a di audition di ballerina forget di routine.,Di ballerina did forget di routine?,34,9.0,red,1,,,,,,,,,,,,,,0.2992775000166148,0.2984154000005219,0.29937779999454506,0.2986404999974184,0.29906770001980476,0.2992192999809049,0.298436999990372,0.2988955000182614,0.29923829998006113,0.296776500006672,0.2990169000113383,0.9997933999984525,
48,jamaican_sub01,21,Female,70,Jamaican Creole,1,"Dah assitant deh, di professional hairdresser did pay har inna di back office.",,66,,,,,,,,,,,,,,,,,0.298027099983301,0.2984355999797117,0.2984168000111822,0.29834169999230653,0.2984668000135571,0.2992219000007026,0.2985337999998592,0.2984361999842804,0.29752819999703206,0.38217359999543987,0.29857330000959337,0.29771689997869544,1.0012368999887258
49,jamaican_sub01,21,Female,70,Jamaican Creole,1,A di auction fi di land destroy di community after di sale?,,132,,,,,,,,,,,,,,,,,0.3067125999950804,0.2990480000153184,0.2983278000028804,0.2990719999943394,0.29809909997857176,0.2988793999829795,0.2985099999932572,0.29894160002004355,0.29846189997624606,0.2990742999827489,0.2993334000057075,1.000545700022485,
50,jamaican_sub01,21,Female,70,Jamaican Creole,1,"Wen him did deh a di conference, di ambassador give di speech.",,34,,,,,,,,,,,,,,,,,0.2989305999944918,0.29854160000104457,0.39848479998181574,0.2978986999951303,0.2992551000206731,0.2981283999979496,0.299608499975875,0.2986975999956485,0.2991974000178743,0.2984758999955375,0.2989850000012666,1.0010380999883637,
51,jamaican_sub01,21,Female,70,Jamaican Creole,1,Yessideh di nervous intern read di magazine before di monthly meeting.,,72,,,,,,,,,,,,,,,,,0.2992876000062097,0.29766129999188706,0.2992740000190679,0.29800820001401007,0.2988073999877088,0.29861040000105277,0.29911469999933615,0.29872819999582134,0.29800690000411123,0.2989168000058271,1.0008111000061035,,
52,jamaican_sub01,21,Female,70,Jamaican Creole,1,"Wen mi did deh a di camp, di nurse treat di campers.",,33,,,,,,,,,,,,,,,,,0.29913239998859353,0.29886209999676794,0.2989410999871325,0.29930050001712516,0.29837259999476373,0.29796100000385195,0.2986598999996204,0.299079399992479,0.29874349999590777,0.29876090001198463,0.2987755000067409,1.0002805000112858,
53,jamaican_sub01,21,Female,70,Jamaican Creole,1,"Dah madda deh, di lost bwoy did find har inna di mall corridor.",,66,,,,,,,,,,,,,,,,,0.29903329999069683,0.2990374999935739,0.29898839999805205,0.2974746999971103,0.29829929998959415,0.2979617999808397,0.2992208999930881,0.2986815999902319,0.2986640999733936,0.2981660000223201,0.29774219999671914,0.2983463999989908,1.0837382999889087
54,jamaican_sub01,21,Female,70,Jamaican Creole,1,Him loosen di tie roun him horses.,,23,,,,,,,,,,,,,,,,,0.2987260999798309,0.2979520999942906,0.2981524999777321,0.2995220000157133,0.2977827000140678,0.29786569997668266,1.0009853999945335,,,,,,
55,jamaican_sub01,21,Female,70,Jamaican Creole,1,A dah man deh di muscular lifeguard did rescue inna di swimming pool.,,68,,,,,,,,,,,,,,,,,0.2990725999989081,0.2990562999912072,0.29901709998375736,0.2987536000146065,0.29874450000352226,0.2990902999881655,0.29902899998705834,0.2989299999899231,0.2989159999997355,0.299104100005934,0.29873770000995137,0.29891979999956675,0.9999087000032887
56,jamaican_sub01,21,Female,70,Jamaican Creole,1,break,,,,,,,,,,,,,,,,,,,,,,,,,,,,,,,
57,jamaican_sub01,21,Female,70,Jamaican Creole,1,Emily pour cereal inna one desk.,,22,,,,,,,,,,,,,,,,,0.29924779999419115,0.29803820000961423,0.2981570999836549,0.2984007999766618,0.2986903999990318,1.0008613000100013,,,,,,,
58,jamaican_sub01,21,Female,70,Jamaican Creole,1,Yessideh di overworked employee help di manager inna di late project.,,72,,,,,,,,,,,,,,,,,0.2990640999923926,0.2987074999837205,0.2989164000027813,0.29839320000610314,0.2977862000116147,0.2984672000166029,0.2987534999847412,0.29884709999896586,0.2989940000115894,0.2989907000155654,0.9988967000099365,,
59,jamaican_sub01,21,Female,70,Jamaican Creole,1,A di drawing by di artist depict di battle before di clash?,,132,,,,,,,,,,,,,,,,,0.29876389997662045,0.2990686999983154,0.29817320001893677,0.2991416000004392,0.2976286000048276,0.3663578999985475,0.29847070001414977,0.2989336999889929,0.2983315000019502,0.2988758999854326,0.2985800000024028,1.0012543000048026,
60,jamaican_sub01,21,Female,70,Jamaican Creole,1,A dah movie deh di tactful broadcaster did discuss inna di mawnin broadcast.,,68,,,,,,,,,,,,,,,,,0.2992052999907173,0.2983509000041522,0.29910500001278706,0.2988336000125855,0.2984686999989208,0.2988300000142772,0.2989295999868773,0.2991014000144787,0.29890930000692606,0.29878509999252856,0.2987081999890506,0.29918189998716116,1.0016930999991018
61,jamaican_sub01,21,Female,70,Jamaican Creole,1,Him mail di letter widout a stamp.,,7,,,,,,,,,,,,,,,,,0.2986500000115484,0.3662509999994654,0.2945764999894891,0.2983294000150636,0.29848450000281446,0.29919690001406707,1.0011908000160474,,,,,,
62,jamaican_sub01,21,Female,70,Jamaican Creole,1,Yessideh di young clerk accept di box from di delivery driver.,,72,,,,,,,,,,,,,,,,,0.29879169998457655,0.29810519999591634,0.29883700000937097,0.2989362000080291,0.2987766999867745,0.29792579999775626,0.29879209998762235,0.29871790000470355,0.2979355999850668,0.2984717999934219,1.0011563000152819,,
63,jamaican_sub01,21,Female,70,Jamaican Creole,1,A wah di campaign bout di environment save after di conference?,Was di campaign bout di environment?,144,9.0,yellow,0,,,,,,,,,,,,,,0.2990482999884989,0.29880690001300536,0.29905189998680726,0.2981494999839924,0.2987614000157919,0.3497351000260096,0.29871400000411086,0.2981322000268847,0.2991102999949362,0.298244200006593,1.0010651999909896,,
64,jamaican_sub01,21,Female,70,Jamaican Creole,1,A dah bwoy deh di shy girl did meet inna di training session.,,68,,,,,,,,,,,,,,,,,0.29856560000916943,0.29892990001826547,0.2984398999833502,0.2983955999952741,0.2981998000177555,0.2987059000006411,0.2983380999939982,0.29897299999720417,0.29901580000296235,0.3070470000093337,0.29740539999329485,0.2986850999877788,1.0003886999911629
65,jamaican_sub01,21,Female,70,Jamaican Creole,1,"Wen mi did deh a di factory, di carpenter mek di table.",,33,,,,,,,,,,,,,,,,,0.2990216999896802,0.29868450001231395,0.2989804999961052,0.2973461000074167,0.296713899995666,0.29838849999941885,0.2988580999954138,0.29912559999502264,0.2992083999852184,0.29892080000718124,0.2984913999971468,1.001046099991072,
66,jamaican_sub01,21,Female,70,Jamaican Creole,1,"Dah bill deh, di full man did recieve it inna di restaurant booth",,66,,,,,,,,,,,,,,,,,0.29901029999018647,0.29915480001363903,0.2985329999937676,0.29783200001111254,0.3657826000126079,0.299005600012606,0.29794119999860413,0.29818209999939427,0.29853040000307374,0.29901820002123713,0.2984135999868158,0.29890600001090206,1.001362999988487
67,jamaican_sub01,21,Female,70,Jamaican Creole,1,"Wen him did deh a di dock, di captain encourage di crew.",,34,,,,,,,,,,,,,,,,,0.2984221999940928,0.29896159999771044,0.29923959998995997,0.2984273000038229,0.29915299999993294,0.29893710001488216,0.2989852000027895,0.2988212000054773,0.29889920001733117,0.2992033999762498,0.29905719999806024,1.0015452999796253,
68,jamaican_sub01,21,Female,70,Jamaican Creole,1,A address di kind woman did address di broadcaster pon di evening radio.,Di woman did address di broadcaster?,65,9.0,red,1,,,,,,,,,,,,,,0.29895150000811554,0.2990420999994967,0.2984627000114415,0.2982860000047367,0.2973700000147801,0.2981203999952413,0.298926899995422,0.29860520001966506,0.2989057000086177,0.29914210000424646,0.2989732999994885,0.29885300001478754,1.0014752999995835
69,jamaican_sub01,21,Female,70,Jamaican Creole,1,Hers new shoes dida di wrong year.,,23,,,,,,,,,,,,,,,,,0.2991553000174463,0.29904899999382906,0.2988236999954097,0.2992225000052713,0.29887989998678677,0.2990011000074446,1.001025400008075,,,,,,
70,jamaican_sub01,21,Female,70,Jamaican Creole,1,Wah di video a di riot record after di protest?,Was di video of di party?,136,7.0,yellow,1,,,,,,,,,,,,,,0.299048099986976,0.2983261000190396,0.299661199998809,0.29809960001148283,0.2981744999997318,0.2984342999989167,0.2979482999944594,0.3482521999976598,0.2993844999873545,1.0002971999929287,,,
71,jamaican_sub01,21,Female,70,Jamaican Creole,1,Wen mi did deh a di class di teacher scold di students.,,33,,,,,,,,,,,,,,,,,0.2982461999927182,0.2988504999957513,0.29850250002346,0.2986835999763571,0.2984009999781847,0.2984458999999333,0.3061390000220854,0.2976040999928955,0.2990451000223402,0.29844390001380816,0.2988467000250239,0.9999099000124261,
72,jamaican_sub01,21,Female,70,Jamaican Creole,1,Wah di cousin of di bride disrupt during di ceremony?,,136,,,,,,,,,,,,,,,,,0.2986590999935288,0.2987862999725621,0.37897580000571907,0.3000099999771919,0.29866289999336004,0.29749830000218935,0.29878759998246096,0.29789969997364096,0.2975903000042308,1.001175300014438,,,
73,jamaican_sub01,21,Female,70,Jamaican Creole,1,"Dah manager deh, di old woman did scold him inna di store hallway.",,66,,,,,,,,,,,,,,,,,0.2987379999831319,0.29827439997461624,0.29903989998274483,0.298772399983136,0.2982934000028763,0.29880280001088977,0.2984526999935042,0.29870949999894947,0.29865240000071935,0.2980786999978591,0.29769700000179,0.29753860001801513,1.0009461999870837
74,jamaican_sub01,21,Female,70,Jamaican Creole,1,Cathy liked by har friend.,,5,,,,,,,,,,,,,,,,,0.2993768000160344,0.29838069999823347,0.29873620002763346,0.29712480001035146,1.0001593000197317,,,,,,,,
75,jamaican_sub01,21,Female,70,Jamaican Creole,1,"Wen she did deh a di church, di nun help di priest.",Di maid help di priest a church?,34,7.0,yellow,1,,,,,,,,,,,,,,0.29770860000280663,0.29959839998628013,0.2986953999788966,0.3098353999957908,0.2982567999861203,0.29825069999787956,0.29887180001242086,0.2988075999892317,0.2989325000089593,0.2990863000159152,0.2972664999833796,1.0003974999999627,
76,jamaican_sub01,21,Female,70,Jamaican Creole,1,A who di book bout di wizard captivate during di reading?,,144,,,,,,,,,,,,,,,,,0.2989947000169195,0.2987534999847412,0.299198399996385,0.29984009999316186,0.2988255999807734,0.2986924000142608,0.29917730001034215,0.29907000000821427,0.29974610000499524,0.29898900000262074,1.0010779000003822,,
77,jamaican_sub01,21,Female,70,Jamaican Creole,1,A sell di deceitful merchant did sell di melon inna di vegetable market.,,65,,,,,,,,,,,,,,,,,0.2983819999790285,0.29957269999431446,0.29801870000665076,0.2991805000056047,0.29904469999019057,0.29811490001156926,0.2986059999966528,0.2989835000189487,0.29926840000553057,0.29868390000774525,0.2989563999872189,0.2984075999993365,1.0670212999975774
78,jamaican_sub01,21,Female,70,Jamaican Creole,1,A di advertisement by di company disappoint di managers before di match?,,132,,,,,,,,,,,,,,,,,0.2991737000120338,0.2985671999922488,0.2992697000154294,0.29907639999873936,0.2994085999962408,0.2992818999919109,0.29866780000156723,0.2986955000087619,0.29953600000590086,0.29801890000817366,0.2989099999831524,1.0762173999974038,
79,jamaican_sub01,21,Female,70,Jamaican Creole,1,break,,,,,,,,,,,,,,,,,,,,,,,,,,,,,,,
80,jamaican_sub01,21,Female,70,Jamaican Creole,1,A who di complaint bout di testimony worry after di allegations?,Was di complaint bout a loud party?,144,7.0,yellow,1,,,,,,,,,,,,,,0.29868490001535974,0.2992497999803163,0.2972876999992877,0.2995453999901656,0.2989133000082802,0.3582399000006262,0.29804069999954663,0.29906789999222383,0.2988358000002336,0.29806850000750273,1.000079999997979,,
81,jamaican_sub01,21,Female,70,Jamaican Creole,1,A dah candidate deh di former mayor did endorse at di campaign rally.,,68,,,,,,,,,,,,,,,,,0.29788729999563657,0.29902609999408014,0.2989706000080332,0.2987620999920182,0.2991932000149973,0.37391609998303466,0.29862000001594424,0.2982718000130262,0.2995181999867782,0.2986070000042673,0.29874410000047646,0.2988167000003159,1.000539500004379
82,jamaican_sub01,21,Female,70,Jamaican Creole,1,Joan warm di baby bottle a milk.,,7,,,,,,,,,,,,,,,,,0.2984445999900345,0.29903109997394495,0.2990923000033945,0.2982696999970358,0.2989645999914501,0.2976250999781769,1.0005382999952417,,,,,,
83,jamaican_sub01,21,Female,70,Jamaican Creole,1,Yessideh di family friend bake di cake fi di bithday party.,,72,,,,,,,,,,,,,,,,,0.2984103999915533,0.2978492000256665,0.2984700000088196,0.298806600010721,0.3819157999823801,0.2989467000006698,0.29841030001989566,0.29784420001669787,0.296859800000675,0.29834979999577627,1.001479799975641,,
84,jamaican_sub01,21,Female,70,Jamaican Creole,1,Who di speech bout di law incite during di rally?,,136,,,,,,,,,,,,,,,,,0.2979855999874417,0.2974934999947436,0.2980075000086799,0.2984846000035759,0.29785350000020117,0.29826569999568164,0.29849299998022616,0.2991276000102516,0.29786540000350215,1.0009835000091698,,,
85,jamaican_sub01,21,Female,70,Jamaican Creole,1,A dah package deh di reliable courier did deliver to di vacation house.,,68,,,,,,,,,,,,,,,,,0.29760399999213405,0.29807370001799427,0.2990890000073705,0.2980684000067413,0.38259029999608174,0.2984719999949448,0.2989621000015177,0.2980618999863509,0.29872940000495873,0.29838150000432506,0.2984652000013739,0.2989023999834899,1.0008034000056796
86,jamaican_sub01,21,Female,70,Jamaican Creole,1,John full up di pen wid milk.,,23,,,,,,,,,,,,,,,,,0.297575099975802,0.36535719997482374,0.2988162999972701,0.2973296999989543,0.29773410002235323,0.2983210000093095,1.0011856999772135,,,,,,
87,jamaican_sub01,21,Female,70,Jamaican Creole,1,Yessideh di assistant teacher circulate di note during di class period.,,72,,,,,,,,,,,,,,,,,0.29843179997988045,0.29746739999973215,0.2991306000039913,0.29849190000095405,0.29719839998870157,0.2984574000001885,0.2979592999909073,0.30701019999105483,0.29829740000423044,0.2980467999877874,1.0004325999761932,,
88,jamaican_sub01,21,Female,70,Jamaican Creole,1,"Wen she did deh a di clinic, di caregiver assist di doctor.",,34,,,,,,,,,,,,,,,,,0.298803699988639,0.2989745000086259,0.29878130002180114,0.2984318000089843,0.29861019999952987,0.2989348999981303,0.29919170000357553,0.2980169000220485,0.29888049999135546,0.2984373999934178,0.2991430999827571,1.0010770999942906,
89,jamaican_sub01,21,Female,70,Jamaican Creole,1,A carry di injured engineer did carry di package inna di transport truck.,,65,,,,,,,,,,,,,,,,,0.29909740001312457,0.29864190000807866,0.2985100999940187,0.2990013000089675,0.2993353999918327,0.2983702000055928,0.2991213999921456,0.2992365000245627,0.2992683000047691,0.29877620001207106,0.2981844999885652,0.29848940001102164,1.0001542000100017
90,jamaican_sub01,21,Female,70,Jamaican Creole,1,A wah di decision by di teacha sekkle after di discussion?,,144,,,,,,,,,,,,,,,,,0.30681510001886636,0.2987733999907505,0.29883990000234917,0.29892080000718124,0.2983707000094,0.2974015999934636,0.29925949999596924,0.29827850000583567,0.29867070002364926,0.2985181999974884,1.0014521999983117,,
91,jamaican_sub01,21,Female,70,Jamaican Creole,1,"Dah mural deh, di professional artist did paint it pan di old wall.",,66,,,,,,,,,,,,,,,,,0.2983045000000857,0.2992073000059463,0.2977478999819141,0.2990124000061769,0.29848240001592785,0.2984143999929074,0.2978311000042595,0.29800320000504144,0.2987112999835517,0.2988450999837369,0.29860249999910593,0.2986308000108693,1.0002088000182994
92,jamaican_sub01,21,Female,70,Jamaican Creole,1,"Wen mi did deh a di gym, di coach train di contestants.",Di coach train di contestants a di gym?,33,9.0,red,1,,,,,,,,,,,,,,0.29884299999685027,0.29902400000719354,0.29729539999971166,0.29881989999557845,0.2988020000047982,0.2977227999945171,0.2991297999978997,0.29895660001784563,0.298891900019953,0.29914459999417886,0.2988742000015918,1.0011903000122402,
93,jamaican_sub01,21,Female,70,Jamaican Creole,1,Wah di diplomacy by di general avert before di attack?,,136,,,,,,,,,,,,,,,,,0.2987332999764476,0.29803330000140704,0.29896329998155124,0.29872880000039004,0.2980742000218015,0.29848200001288205,0.29810020001605153,0.29736029999912716,0.2979580000101123,1.0010614999919198,,,
94,jamaican_sub01,21,Female,70,Jamaican Creole,1,"Wen mi did deh a di clinic, di nurse advise di patient.",,33,,,,,,,,,,,,,,,,,0.2984883000026457,0.29911369999172166,0.29693070001667365,0.2971337000199128,0.2984827000182122,0.2991537999769207,0.29787010001018643,0.298911699996097,0.29801150001003407,0.2984660000074655,0.29898490000050515,1.0014699999883305,
95,jamaican_sub01,21,Female,70,Jamaican Creole,1,"Dah bwoy deh, di kind man did hug him inna di prizegiving ceremony.",Di man hug di bwoy inna di prizegiving ceremony?,66,9.0,red,1,,,,,,,,,,,,,,0.29869729999336414,0.3069803999969736,0.299663200014038,0.29905739999958314,0.2985499000060372,0.2978550000116229,0.2988428000244312,0.29905189998680726,0.29865059998701327,0.2983840999950189,0.2984909000224434,0.2982221999845933,1.001117699983297
96,jamaican_sub01,21,Female,70,Jamaican Creole,1,"Wen him did deh a di field, di coach train di players.",,34,,,,,,,,,,,,,,,,,0.2990282999817282,0.29960399999981746,0.2987988000095356,0.2989965000015218,0.2977926999737974,0.29853849997743964,0.29876610002247617,0.2986051000189036,0.2988852999988012,0.3074083999963477,0.29832950001582503,1.0009730999881867,
97,jamaican_sub01,21,Female,70,Jamaican Creole,1,A di arrest a di politician disappoint di public during di election?,,132,,,,,,,,,,,,,,,,,0.297954599984223,0.29897580001852475,0.2980698999890592,0.2975101999763865,0.2992000999802258,0.2985486999968998,0.2989431999740191,0.29917770001338795,0.2991741999867372,0.2988636000081897,0.2980639000015799,1.0011117000249214,
98,jamaican_sub01,21,Female,70,Jamaican Creole,1,Dem name har afta har cake.,,22,,,,,,,,,,,,,,,,,0.2982893000007607,0.3284775000065565,0.29932749998988584,0.29893960000481457,0.29779620000044815,1.0008516999951098,,,,,,,
99,jamaican_sub01,21,Female,70,Jamaican Creole,1,Hal write har one love letter.,,6,,,,,,,,,,,,,,,,,0.2988541999948211,0.2982229999906849,0.2968500999850221,0.29894619999686256,0.29913299999316223,1.0006289000157267,,,,,,,
100,jamaican_sub01,21,Female,70,Jamaican Creole,1,A mek di excited girl did mek di call inna di visa office.,Di bwoy mek di call?,65,7.0,yellow,1,,,,,,,,,,,,,,0.2987747000006493,0.2978030999947805,0.2979213999933563,0.2989123000006657,0.2992208000214305,0.29895810000016354,0.29906789999222383,0.29720800000359304,0.29871950001688674,0.2988023000070825,0.29830920000676997,0.2983601999876555,1.0008236999856308
101,jamaican_sub01,21,Female,70,Jamaican Creole,1,A di exhibition by di painter celebrate di city during di festival?,,132,,,,,,,,,,,,,,,,,0.29843789999722503,0.29906650001066737,0.2996257000195328,0.29892180001479574,0.29853639999055304,0.29855120001593605,0.29932629998074844,0.29840329999569803,0.29825709998840466,0.29900509997969493,0.2983423999976367,1.0003108000091743,
102,jamaican_sub01,21,Female,70,Jamaican Creole,1,break,,,,,,,,,,,,,,,,,,,,,,,,,,,,,,,
103,jamaican_sub01,21,Female,70,Jamaican Creole,1,Wah di documentary bout di war affect during di campaign?,,136,,,,,,,,,,,,,,,,,0.29869769999640994,0.29999480000697076,0.29882480000378564,0.29879349999828264,0.29885639998246916,0.2985538000066299,0.29874989998643287,0.2990769000025466,0.2983821999805514,1.0009671000007074,,,
104,jamaican_sub01,21,Female,70,Jamaican Creole,1,"Wen she did deh a di convention, di actress sign di autographs.",,34,,,,,,,,,,,,,,,,,0.2985198000096716,0.2995210000080988,0.2989978000114206,0.29894590002368204,0.2986197999853175,0.2988623999990523,0.3591962000064086,0.29895290001877584,0.29915030000847764,0.29855390000739135,0.2990462000016123,1.0012378000246827,
105,jamaican_sub01,21,Female,70,Jamaican Creole,1,Yessideh di expert surgeon treat di captain inna di team lockeroom.,,72,,,,,,,,,,,,,,,,,0.29934500000672415,0.2989339000196196,0.298873799998546,0.29914410001947545,0.2982317999994848,0.2984756999940146,0.29832689999602735,0.29828630000702105,0.41543819999787956,0.29842599999392405,1.0006462000019383,,
106,jamaican_sub01,21,Female,70,Jamaican Creole,1,John sweep di floor wid a broom.,,7,,,,,,,,,,,,,,,,,0.29890850000083447,0.2984387000033166,0.29858979998971336,0.29835820000153035,0.2986365999968257,0.2992302000056952,1.0010276999964844,,,,,,
107,jamaican_sub01,21,Female,70,Jamaican Creole,1,"Wen him did deh a di hanger, di pilot meet di crew.",,34,,,,,,,,,,,,,,,,,0.2980663999915123,0.298831699998118,0.2990321999823209,0.2986947000026703,0.2982948999851942,0.29747499999939464,0.2981302000116557,0.2978753999923356,0.2988786999776494,0.29803579999133945,0.2969301999837626,1.0008176999981515,
108,jamaican_sub01,21,Female,70,Jamaican Creole,1,"Dah palace deh, di talented artist did draw it inna di art contest.",,66,,,,,,,,,,,,,,,,,0.29869870000402443,0.2988568000146188,0.29858339999918826,0.29933080001501366,0.29894829998374917,0.2989029999880586,0.32578949999879114,0.3139200999867171,0.29754159998265095,0.29843379999510944,0.2974386000132654,0.2986191000090912,1.000769800011767
109,jamaican_sub01,21,Female,70,Jamaican Creole,1,"Wen mi did deh a di court, di judge punish di criminal.",,33,,,,,,,,,,,,,,,,,0.2982163999986369,0.29848650001804344,0.2988072000152897,0.2994479000044521,0.2983898000093177,0.29774219999671914,0.2989270999969449,0.29878059998736717,0.2984330000181217,0.2989056999795139,0.2973266000044532,1.001037100009853,
110,jamaican_sub01,21,Female,70,Jamaican Creole,1,A wah di email from di accountant criticize after di review?,,144,,,,,,,,,,,,,,,,,0.2987025000038557,0.2990462000016123,0.2990699000074528,0.2977496999956202,0.2985699000128079,0.30716060000122525,0.2987614000157919,0.29771259997505695,0.298695300007239,0.29842359997564927,1.0009105000062846,,
111,jamaican_sub01,21,Female,70,Jamaican Creole,1,A dah cartoon deh di lazy pitney did watch pan di big television.,,68,,,,,,,,,,,,,,,,,0.29880630000843666,0.2985686999745667,0.29897870001150295,0.2990984999923967,0.2987751000036951,0.29889999999431893,0.2994384000194259,0.29878519999329,0.2994479000044521,0.29855089998454787,0.2987864000024274,0.29888869999558665,1.0769878999853972
112,jamaican_sub01,21,Female,70,Jamaican Creole,1,"Wen mi did deh a di hospital, di doctor treat di patient.",A di nurse treat di patients?,33,7.0,yellow,1,,,,,,,,,,,,,,0.29826650000177324,0.2983881999971345,0.2986475999932736,0.2989987999899313,0.29879220001748763,0.29861100000562146,0.29908159998012707,0.2987335000070743,0.2988506999972742,0.29918909998377785,0.2977913999930024,1.0008799000061117,
113,jamaican_sub01,21,Female,70,Jamaican Creole,1,Yessideh di rushing ooman forget di phone inna di man house.,,72,,,,,,,,,,,,,,,,,0.298708100017393,0.29923689999850467,0.29904610000085086,0.299132100015413,0.2990626999817323,0.2988041000207886,0.29834850001498125,0.2988801999890711,0.2986856999923475,0.29888310001115315,1.001252599991858,,
114,jamaican_sub01,21,Female,70,Jamaican Creole,1,Who di advice bout di weather surprise during di trip?,,136,,,,,,,,,,,,,,,,,0.2992225000052713,0.2992664000194054,0.2984264999977313,0.2991872999991756,0.29884959998889826,0.29879989998880774,0.29864169997745194,0.29904050001641735,0.2986406999989413,1.000787600001786,,,
115,jamaican_sub01,21,Female,70,Jamaican Creole,1,A help di kind man did help di pitney inna di mosque yard.,,65,,,,,,,,,,,,,,,,,0.2990042000019457,0.2985931000148412,0.2995195999974385,0.29889449998154305,0.2993979000020772,0.2987927999929525,0.2978566999954637,0.2982440000050701,0.29929580001044087,0.30690220001270063,0.29847420001169667,0.2987695000192616,1.0837864000059199
116,jamaican_sub01,21,Female,70,Jamaican Creole,1,A who di compliment from di bartender embarrass during di shift?,Was di compliment from di bartender?,144,9.0,red,1,,,,,,,,,,,,,,0.29840209998656064,0.29933469998650253,0.299050100002205,0.29874119997839443,0.2986372000013944,0.29873519999091513,0.29946060001384467,0.2989081999985501,0.2984040000010282,0.2983474000066053,1.000960400007898,,
117,jamaican_sub01,21,Female,70,Jamaican Creole,1,She season di steak wid black bags.,,23,,,,,,,,,,,,,,,,,0.2979427999816835,0.29894800001056865,0.29897979999077506,0.2988428999960888,0.29851829999824986,0.29895130000659265,1.0010084999958053,,,,,,
118,jamaican_sub01,21,Female,70,Jamaican Creole,1,A dah pilot deh di immigration officer did search at di airport checkpoint.,,68,,,,,,,,,,,,,,,,,0.2986110999772791,0.2984545000072103,0.298695300007239,0.29888009998830967,0.2978397999831941,0.298320399975637,0.2985380000027362,0.29791770002339035,0.2973945999983698,0.2990346000005957,0.2984881000011228,0.2992004999832716,1.0012737000070047
119,jamaican_sub01,21,Female,70,Jamaican Creole,1,A di inquiry by di mayor assist di investigation during di probe?,,132,,,,,,,,,,,,,,,,,0.2975235999911092,0.2984308000013698,0.2984164000081364,0.2984254999901168,0.29743119998602197,0.29888419999042526,0.29861410000012256,0.2972181999939494,0.29839999999967404,0.29941039998084307,0.2990031999943312,1.0008066000009421,
120,jamaican_sub01,21,Female,70,Jamaican Creole,1,Di mother feed di newborn baby.,,6,,,,,,,,,,,,,,,,,0.2978522999910638,0.29821070001344196,0.29826959999627434,0.2995365999813657,0.29872369999065995,1.0004416999872774,,,,,,,
121,jamaican_sub01,21,Female,70,Jamaican Creole,1,A rent di foreign visitors did rent di car from di rental company.,Di visitors rent di car?,65,9.0,red,1,,,,,,,,,,,,,,0.2977932000067085,0.2987972999981139,0.2984516000142321,0.2992696999863256,0.2975860000005923,0.2975282999977935,0.2994655999937095,0.2980624999909196,0.2986160000145901,0.29922389998682775,0.2983751999854576,0.2984381999995094,1.0008236999856308
122,jamaican_sub01,21,Female,70,Jamaican Creole,1,Dem raise pig pon dem dream.,,22,,,,,,,,,,,,,,,,,0.29884239999228157,0.29760270001133904,0.29914829999324866,0.2976757999858819,0.2983257000159938,1.0009754999773577,,,,,,,
123,jamaican_sub01,21,Female,70,Jamaican Creole,1,"Dah candy deh, di excited bwoy did buy it inna di corner store.",Di bwoy buy di candy a school?,66,7.0,yellow,1,,,,,,,,,,,,,,0.298901800008025,0.2987045999907423,0.2988339999865275,0.2985745999903884,0.2991659000108484,0.29864669998642057,0.2985616000078153,0.29885909997392446,0.2983484000142198,0.2977371000160929,0.29831849999027327,0.2987293000041973,1.000540800014278
124,jamaican_sub01,21,Female,70,Jamaican Creole,1,A di article by di journalist upset di editor after di publication?,,132,,,,,,,,,,,,,,,,,0.2995027000142727,0.29861869997694157,0.2988388999947347,0.2989473000052385,0.2978014999825973,0.29819199998746626,0.29767050000373274,0.2998268000083044,0.3080626000009943,0.2991148000000976,0.2976857000030577,1.0013419000024442,
125,jamaican_sub01,21,Female,70,Jamaican Creole,1,break,,,,,,,,,,,,,,,,,,,,,,,,,,,,,,,
126,jamaican_sub01,21,Female,70,Jamaican Creole,1,"Wen mi did deh a di hall, di planner prepare di decorations.",,33,,,,,,,,,,,,,,,,,0.29844949999824166,0.29892699999618344,0.2979934000177309,0.29776070002117194,0.2983544000016991,0.2992067000013776,0.2992040000099223,0.2986721000052057,0.2981246999988798,0.29877019999548793,0.2991076000034809,1.001553900016006,
127,jamaican_sub01,21,Female,70,Jamaican Creole,1,"Dah case deh, di nervous nurse did review it inna di shift debreif.",Di nurse review di case inna di shift debrief?,66,9.0,red,1,,,,,,,,,,,,,,0.29833039999357425,0.29779949999647215,0.2982917999906931,0.29783860000316054,0.29906030002166517,0.29924200000823475,0.29896139999618754,0.2989430000016,0.2990212999866344,0.29838330001803115,0.2988428999960888,0.34973690001061186,1.000461899995571
128,jamaican_sub01,21,Female,70,Jamaican Creole,1,A di joke bout di election reveal di divisions during di rally?,,132,,,,,,,,,,,,,,,,,0.2989359999774024,0.29895640001632273,0.29879129998153076,0.2987870000069961,0.29883060001884587,0.29881619999650866,0.2990777000086382,0.299119300005259,0.2986394999898039,0.2988361000025179,0.29850899998564273,1.000959299999522,
129,jamaican_sub01,21,Female,70,Jamaican Creole,1,A dah player deh di eager rookie did battle inna di tennis match.,,68,,,,,,,,,,,,,,,,,0.2992167999909725,0.29903930000727996,0.30968179999035783,0.2986901999975089,0.29908489997615106,0.2984681000234559,0.2990022999874782,0.29915190002066083,0.2991084999812301,0.29968309999094345,0.36481539998203516,0.29858850000891834,1.0018136999860872
130,jamaican_sub01,21,Female,70,Jamaican Creole,1,"Wen him did deh a di house, di electrician bill di fada.",,34,,,,,,,,,,,,,,,,,0.299296899989713,0.29892969998763874,0.29897850000998005,0.29916929997853003,0.29838720001862384,0.29880089999642223,0.2978923000046052,0.29841940000187606,0.29902179999044165,0.299262299988186,0.2990855000098236,1.0013565000263043,
131,jamaican_sub01,21,Female,70,Jamaican Creole,1,"Dah pitney deh, di busy doctah did treat him inna di bone clinic.",,66,,,,,,,,,,,,,,,,,0.2993266000121366,0.29916910000611097,0.29976279998663813,0.4064377000031527,0.29916680001770146,0.2987369999755174,0.29861800000071526,0.2981411000073422,0.29885980000835843,0.29837609999231063,0.2991416000004392,0.29781990000628866,1.0007307000050787
132,jamaican_sub01,21,Female,70,Jamaican Creole,1,Wah di feedback from di buyers change after di launch?,,136,,,,,,,,,,,,,,,,,0.2977965000027325,0.298257399990689,0.29906789999222383,0.2989790000137873,0.2976574000203982,0.29815320001216605,0.29921179998200387,0.29917130002286285,0.2989346999966074,1.0009697999921627,,,
133,jamaican_sub01,21,Female,70,Jamaican Creole,1,Di boat pass easy unda di hour.,,23,,,,,,,,,,,,,,,,,0.29663900000741705,0.2992666999925859,0.2985075000033248,0.3070429000072181,0.29846349998842925,0.2987169999978505,1.000829500000691,,,,,,
134,jamaican_sub01,21,Female,70,Jamaican Creole,1,Yessideh di evil witch mek di plan inna di prison chamber.,,72,,,,,,,,,,,,,,,,,0.2989110999915283,0.2976378000166733,0.29894539999077097,0.2981945000065025,0.297619199991459,0.2979883000080008,0.29868060001172125,0.29899089998798445,0.2987456999835558,0.29833280001184903,1.0013541000080295,,
135,jamaican_sub01,21,Female,70,Jamaican Creole,1,Who di arrest by di police frighten during di investigation?,,136,,,,,,,,,,,,,,,,,0.2985280999855604,0.2992503000132274,0.2985964000108652,0.29881800001021475,0.29876730000250973,0.2990074999979697,0.29854030002024956,0.29832299999543466,0.298236700007692,1.0003618999908213,,,
136,jamaican_sub01,21,Female,70,Jamaican Creole,1,A dah computer deh di college student did buy at di indoor mall.,,68,,,,,,,,,,,,,,,,,0.29900160001125187,0.2993082000175491,0.2990900999866426,0.2985134999908041,0.2991189000022132,0.2980024999997113,0.29909570000017993,0.2988333000103012,0.2982377999869641,0.29855659999884665,0.29786250001052395,0.2989475000067614,1.0418319000164047
137,jamaican_sub01,21,Female,70,Jamaican Creole,1,"Wen mi did deh a di infirmary, di doctor bruk di machine.",A di machine di doctor bruk?,33,9.0,red,1,,,,,,,,,,,,,,0.29764679999789223,0.2972060999891255,0.29904830001760274,0.2985337999998592,0.2993007999903057,0.29761470001540147,0.29808629999752156,0.2983816000050865,0.29818949999753386,0.2988076000183355,0.29901539999991655,1.001511800015578,
138,jamaican_sub01,21,Female,70,Jamaican Creole,1,A challenge di famous actor did challenge di colleague inna di awards ceremony.,Di actor did challenge him family?,65,7.0,yellow,1,,,,,,,,,,,,,,0.2987544999923557,0.29914100002497435,0.2980797999771312,0.29838560000644065,0.2975977000023704,0.29816539998864755,0.2990845000022091,0.29876279999734834,0.2991284000163432,0.29869460000190884,0.2984426000039093,0.29915830001118593,1.0010868999816012
139,jamaican_sub01,21,Female,70,Jamaican Creole,1,Mi generally smoke filtered menthol energy.,,22,,,,,,,,,,,,,,,,,0.29898140000295825,0.29882460000226274,0.29934159998083487,0.2993037999840453,0.2991113000025507,1.0014988999755587,,,,,,,
140,jamaican_sub01,21,Female,70,Jamaican Creole,1,A wah di movie by di student win after di screening?,,144,,,,,,,,,,,,,,,,,0.29822869997587986,0.2972239999799058,0.2989295000152197,0.29869399999734014,0.2981398999982048,0.2978226999985054,0.29883989997324534,0.38031739997677505,0.29849410001770593,0.2974824999982957,1.0017094000068028,,
141,jamaican_sub01,21,Female,70,Jamaican Creole,1,Yessideh di charity team collect di check during di fundraiser banquet.,,72,,,,,,,,,,,,,,,,,0.2985745999903884,0.2984209999849554,0.299087999999756,0.29861530000925995,0.29868639999767765,0.2983341999934055,0.29885019999346696,0.2986745999951381,0.2988050999992993,0.29892280002241023,1.0015741999959573,,
142,jamaican_sub01,21,Female,70,Jamaican Creole,1,Di academic year start inna di fall.,,7,,,,,,,,,,,,,,,,,0.2991481000208296,0.2990295000199694,0.29859550000401214,0.29891529999440536,0.2987911000091117,0.3002812000049744,1.0001844000071287,,,,,,
143,jamaican_sub01,21,Female,70,Jamaican Creole,1,A di book by di teacher entertain di class before di exam?,,132,,,,,,,,,,,,,,,,,0.2988632000051439,0.2987456000118982,0.2983321000065189,0.2987705999985337,0.29830749999382533,0.29884049997781403,0.29856999998446554,0.2980561999720521,0.2988077999907546,0.2989432000031229,0.29922650000662543,1.0015089999942575,
144,jamaican_sub01,21,Female,70,Jamaican Creole,1,A translate di educated writer did translate di play inna di book series.,,65,,,,,,,,,,,,,,,,,0.29917610000120476,0.31393339997157454,0.2984839999990072,0.29816450001089834,0.2988597999792546,0.2988263000152074,0.2991250999912154,0.2971986999909859,0.29830070000025444,0.29833059999509715,0.2990542000043206,0.29889689999981783,1.0003324999997858
145,jamaican_sub01,21,Female,70,Jamaican Creole,1,A who di discovery by di scientist benefit after di testing?,Was di discovery by di teacher?,144,7.0,yellow,1,,,,,,,,,,,,,,0.29752100000041537,0.2980680000036955,0.2982884999946691,0.29746020000311546,0.29822719999356195,0.2985363000188954,0.29886970002553426,0.2988958000205457,0.29843729999265634,0.2986453000048641,1.0129644999979064,,
146,jamaican_sub01,21,Female,70,Jamaican Creole,1,"Wen she did deh a di farm, di florist cut di flowers.",,34,,,,,,,,,,,,,,,,,0.29781450002337806,0.29869830000097863,0.2994409999810159,0.29831039998680353,0.34151150000980124,0.2989598000131082,0.29875109999557026,0.2984635000175331,0.2980055999942124,0.2974132999952417,0.29869480000343174,1.0018706000118982,
147,jamaican_sub01,21,Female,70,Jamaican Creole,1,"Afta dinner, dem wash di dishes.",,6,,,,,,,,,,,,,,,,,0.29811100001097657,0.2973651000065729,0.2989911000186112,0.2974465000152122,0.2983317000034731,1.0009068000072148,,,,,,,
148,jamaican_sub01,21,Female,70,Jamaican Creole,1,break,,,,,,,,,,,,,,,,,,,,,,,,,,,,,,,
149,jamaican_sub01,21,Female,70,Jamaican Creole,1,A dah dinner deh di professional chef did prepare inna di restaurant kitchen.,Di chef mek dinner?,68,9.0,red,1,,,,,,,,,,,,,,0.2997577999776695,0.2990550999820698,0.2978098999883514,0.29783840000163764,0.29839429998537526,0.2985781999886967,0.2987507000216283,0.29756649999762885,0.29798119998304173,0.29785269999410957,0.29783690001931973,0.2990045999758877,1.0014037000073586
150,jamaican_sub01,21,Female,70,Jamaican Creole,1,A who di documentary by di director confuse after di screening?,,144,,,,,,,,,,,,,,,,,0.29917360001127236,0.2989763999939896,0.29727160002221353,0.2992953000066336,0.29889199999161065,0.29849829999147914,0.29844760001287796,0.2986121000139974,0.29867280001053587,0.2983398000069428,1.0669265000033192,,
151,jamaican_sub01,21,Female,70,Jamaican Creole,1,Di lecture fi last bout one space.,,23,,,,,,,,,,,,,,,,,0.2990683999960311,0.29850250002346,0.29928059998201206,0.29840140001033433,0.2990101000177674,0.2990564999927301,1.0012765999999829,,,,,,
152,jamaican_sub01,21,Female,70,Jamaican Creole,1,A explain di forgiving consultant did explain di policy inna di meeting office.,,65,,,,,,,,,,,,,,,,,0.298978899983922,0.29886419998365454,0.298818500014022,0.29960979998577386,0.29902030000812374,0.2978417999984231,0.2988830000103917,0.29765960000804625,0.2985146999999415,0.2991981999948621,0.41407209998578764,0.29907660000026226,1.0017205999756698
153,jamaican_sub01,21,Female,70,Jamaican Creole,1,A wah di painting by di monk sekkle after di auction?,,144,,,,,,,,,,,,,,,,,0.2979036000033375,0.2987598000036087,0.2978335999941919,0.29887949998374097,0.29766390001168475,0.29870780001510866,0.298016299988376,0.2975809999916237,0.2978362000139896,0.29789269997854717,1.0018789999885485,,
154,jamaican_sub01,21,Female,70,Jamaican Creole,1,She put on har high-heel stamp.,,22,,,,,,,,,,,,,,,,,0.29898940000566654,0.2984106999938376,0.29851379999308847,0.29899789998307824,0.2994315999967512,1.0006833999941591,,,,,,,
155,jamaican_sub01,21,Female,70,Jamaican Creole,1,Yessideh di office supervisor quote di poet inna di annual report.,,72,,,,,,,,,,,,,,,,,0.2992134999949485,0.29824549998738803,0.29876179998973384,0.2983922999992501,0.2992380000068806,0.29835800000000745,0.29888789998949505,0.297586999979103,0.29874920001020655,0.29832360000000335,1.0016506999963894,,
156,jamaican_sub01,21,Female,70,Jamaican Creole,1,Wah di lecture by di professor cover before di exam?,,136,,,,,,,,,,,,,,,,,0.2989370000141207,0.29802200000267476,0.2978544000070542,0.2994628000014927,0.2980119999847375,0.2974781999946572,0.2991278000117745,0.2979855999874417,0.29796940000960603,1.0010224000143353,,,
157,jamaican_sub01,21,Female,70,Jamaican Creole,1,Yessideh di night crew unload di crate at di warehouse dock.,,72,,,,,,,,,,,,,,,,,0.29891719997976907,0.29884419997688383,0.29858970001805574,0.2995523000136018,0.2987190000130795,0.2979433999862522,0.29862089999369346,0.29791280001518317,0.2983358000055887,0.2981502000184264,1.0091439000098035,,
158,jamaican_sub01,21,Female,70,Jamaican Creole,1,A di meeting bout di embargo incite di protest after di announcement?,Was di meeting bout di embargo?,132,9.0,red,1,,,,,,,,,,,,,,0.2991633999918122,0.29807450002408586,0.29935650000697933,0.29868720000376925,0.29783479997422546,0.297125999990385,0.2993719000078272,0.2978813999798149,0.29787320000468753,0.29845560001558624,0.29843809999874793,1.000906799978111,
159,jamaican_sub01,21,Female,70,Jamaican Creole,1,It unlucky fi walk unda ladder.,,6,,,,,,,,,,,,,,,,,0.29900120000820607,0.29856110000400804,0.2989440999808721,0.2985171999898739,0.29902549998951145,1.0008776999893598,,,,,,,
160,jamaican_sub01,21,Female,70,Jamaican Creole,1,A dah prize deh di small bwoy did win inna di drawing competition.,,68,,,,,,,,,,,,,,,,,0.2989497999951709,0.2981162999931257,0.29927189997397363,0.2990910999942571,0.29849600000306964,0.2973201999848243,0.2989761000208091,0.29939400000148453,0.2991265000018757,0.29888290000963025,0.2990094999840949,0.2995323999784887,1.067352000012761
161,jamaican_sub01,21,Female,70,Jamaican Creole,1,A di comment bout di bribe surprise di reporter after di meeting?,,132,,,,,,,,,,,,,,,,,0.2988963999960106,0.2971683000214398,0.29924369999207556,0.2988637000089511,0.29869910000707023,0.2988072000152897,0.29876629999489523,0.2989114999945741,0.2979767000069842,0.29924659998505376,0.2987857000262011,1.002082099992549,
162,jamaican_sub01,21,Female,70,Jamaican Creole,1,"Wen she did deh a di hospital, di pharmacist dispense di medicine.",,34,,,,,,,,,,,,,,,,,0.2990212999866344,0.29911240001092665,0.29866080000647344,0.29805620000115596,0.29892149998340756,0.2991906000243034,0.4487242999894079,0.2988354000262916,0.29861800000071526,0.29911799999536015,0.2982460999919567,1.0008561000286136,
163,jamaican_sub01,21,Female,70,Jamaican Creole,1,"Dah player deh, di unfair referee did disqualify har during di volleyball game.",,66,,,,,,,,,,,,,,,,,0.2985725000035018,0.2987612999859266,0.2979510000150185,0.29913840000517666,0.29923480001161806,0.2983766999968793,0.2988941000076011,0.29894539999077097,0.2988189000170678,0.29894720000447705,0.29853870000806637,0.2992317999887746,1.0007600999961141
164,jamaican_sub01,21,Female,70,Jamaican Creole,1,Who di comment by di principal hurt during di assembly?,,136,,,,,,,,,,,,,,,,,0.2979831999982707,0.2984545000072103,0.29821420001098886,0.29825829999754205,0.29828449999331497,0.29824679999728687,0.2994528999843169,0.29753399998298846,0.29900259998976253,1.0010363000037614,,,
165,jamaican_sub01,21,Female,70,Jamaican Creole,1,"Wen mi did deh a di lab, di scientist teach di assistant.",A di baby di scientist teach?,33,7.0,yellow,1,,,,,,,,,,,,,,0.30307490000268444,0.2994691999920178,0.29869769999640994,0.2981128999963403,0.29862089999369346,0.29827389999991283,0.2989487000158988,0.29824679999728687,0.299138700007461,0.2984356000088155,0.2985695000097621,1.0011513000063132,
166,jamaican_sub01,21,Female,70,Jamaican Creole,1,Di careless smoker cause a forest fire.,,7,,,,,,,,,,,,,,,,,0.2980364999966696,0.29936089998227544,0.2988249000045471,0.29856540000764653,0.2997559000214096,0.29939879997982644,1.0011112999927718,,,,,,
167,jamaican_sub01,21,Female,70,Jamaican Creole,1,A hug di affectionate madda did hug di daughter inna di primary school.,,65,,,,,,,,,,,,,,,,,0.29898340001818724,0.29809280001791194,0.29926099997828715,0.3658254999900237,0.2995818000053987,0.2990494999976363,0.29912989999866113,0.298654100013664,0.2993619999906514,0.2986424000118859,0.2975035000126809,0.29780520001077093,1.0000243999820668
168,jamaican_sub01,21,Female,70,Jamaican Creole,1,"Wen him did deh a di job, di driver drive di customer.",,34,,,,,,,,,,,,,,,,,0.2995187999913469,0.2994330999790691,0.29952420000336133,0.29842530001769774,0.2986144000024069,0.2985165000136476,0.3082247000129428,0.29879539998364635,0.2989184999896679,0.29893439999432303,0.2983937000099104,1.0012095000129193,
169,jamaican_sub01,21,Female,70,Jamaican Creole,1,"Dah costume deh, di generous woman did wash it fi di neighbor pitney.",Di woman wash di mat fi di neighbour pitney?,66,7.0,yellow,1,,,,,,,,,,,,,,0.29900510000879876,0.2982684000162408,0.2981073000119068,0.29882660001749173,0.2982067000120878,0.29873109998879954,0.2986267999804113,0.29872369999065995,0.2983198000001721,0.29823620000388473,0.2980591999948956,0.29888109999592416,1.0011132000072394
170,jamaican_sub01,21,Female,70,Jamaican Creole,1,"Wen mi did deh a di hotel, di maid wash di clothes.",,33,,,,,,,,,,,,,,,,,0.29898779999348335,0.2984479000151623,0.29914519999874756,0.2990773000055924,0.29893339998670854,0.29916849997243844,0.29916719999164343,0.29824080000980757,0.2985714999958873,0.2992023999977391,0.2980327000259422,1.0020120000117458,
171,jamaican_sub01,21,Female,70,Jamaican Creole,1,break,,,,,,,,,,,,,,,,,,,,,,,,,,,,,,,
172,jamaican_sub01,21,Female,70,Jamaican Creole,1,Yessideh di fresh graduate email di recruiter bout di job offer.,,72,,,,,,,,,,,,,,,,,0.2989365999819711,0.2986035000067204,0.297993200016208,0.2989053000055719,0.29883120002341457,0.2990958000009414,0.29812620001030155,0.2985460000054445,0.2989223999902606,0.29910319999908097,1.0010897000029217,,
173,jamaican_sub01,21,Female,70,Jamaican Creole,1,Abby brush har teeth afta every leash.,,23,,,,,,,,,,,,,,,,,0.2985843000060413,0.2984991999983322,0.29886500001884997,0.29894680000143126,0.2981009999930393,0.2989264999923762,1.0011265000212006,,,,,,
174,jamaican_sub01,21,Female,70,Jamaican Creole,1,A wah di picture of di couple accompany before di wedding?,,144,,,,,,,,,,,,,,,,,0.2988578999938909,0.2987276000203565,0.29665159998694435,0.29879719999735244,0.3645492999930866,0.298793800000567,0.29813099998864345,0.2993133000272792,0.299020800011931,0.2981841999862809,1.000600300001679,,
175,jamaican_sub01,21,Female,70,Jamaican Creole,1,A treat di skilled vet did treat di dog amongst di clinic patients.,,65,,,,,,,,,,,,,,,,,0.2991627999872435,0.2989741000055801,0.29886189999524504,0.2989323000074364,0.2993383999855723,0.29735860001528636,0.29761179999331944,0.2971735000028275,0.29912330000661314,0.298489700013306,0.29727559999446385,0.2989728999964427,1.0011951999913435
176,jamaican_sub01,21,Female,70,Jamaican Creole,1,Di sprinter run di last quarter hunt.,,23,,,,,,,,,,,,,,,,,0.33299080000142567,0.29829909998807125,0.2978536000009626,0.29851229998166673,0.29922779998742044,0.29844969999976456,1.0016203000268433,,,,,,
177,jamaican_sub01,21,Female,70,Jamaican Creole,1,A who di excuse by di student frustrate before di test?,,144,,,,,,,,,,,,,,,,,0.2984188999980688,0.297623200021917,0.29897050000727177,0.2985188000020571,0.2990359000104945,0.29736279998905957,0.29914419999113306,0.2980177999997977,0.2979518999927677,0.2976832000131253,1.0005871999892406,,
178,jamaican_sub01,21,Female,70,Jamaican Creole,1,A dah dress deh di skilled tailor did embroider pon di wedding day.,Di tailer mek a pants?,68,7.0,yellow,1,,,,,,,,,,,,,,0.3485809999983758,0.2992390999861527,0.2990099000162445,0.2974544999888167,0.2988300000142772,0.29914970000390895,0.2989974000083748,0.2988044999947306,0.2990648999984842,0.2985102999955416,0.29818039998644963,0.29840020000119694,1.0008055999933276
179,jamaican_sub01,21,Female,70,Jamaican Creole,1,"Wen mi did deh a di house, di midwife help di madda.",,33,,,,,,,,,,,,,,,,,0.2986400999943726,0.2983560000138823,0.2985307000053581,0.2983419999945909,0.29938209999818355,0.2979087999847252,0.2984108999953605,0.29905639999196865,0.30731880001258105,0.297994499997003,0.2984489999944344,1.0004792000108864,
180,jamaican_sub01,21,Female,70,Jamaican Creole,1,A dah resident deh di jailed thief did rob inna di housing compound.,,68,,,,,,,,,,,,,,,,,0.29871440000715666,0.2980882999836467,0.29930240000248887,0.29784419998759404,0.29779829998733476,0.29850180001812987,0.2990394000080414,0.29825399999390356,0.2985972000169568,0.2977588000067044,0.29856440000003204,0.2989281000045594,1.000986200000625
181,jamaican_sub01,21,Female,70,Jamaican Creole,1,Di pig dem wallow inna di mud.,,7,,,,,,,,,,,,,,,,,0.29793279999285005,0.29879949998576194,0.29865699997753836,0.2983875999925658,0.29918120001093484,0.300996199977817,1.0008635999984108,,,,,,
182,jamaican_sub01,21,Female,70,Jamaican Creole,1,A di complaint by di worker criticize di manager during di review?,,132,,,,,,,,,,,,,,,,,0.2988245000015013,0.2992509000177961,0.29908050000085495,0.2980704999936279,0.2992056000221055,0.2992032000038307,0.2988733999955002,0.2983222000184469,0.29881550002028234,0.2990083000040613,0.298836299974937,1.000017200014554,
183,jamaican_sub01,21,Female,70,Jamaican Creole,1,Yessideh di sick person see di docta inna di hospital lobby.,,72,,,,,,,,,,,,,,,,,0.29848800000036135,0.29832190001616254,0.2988201999978628,0.2990076999994926,0.2985247000178788,0.2985603999986779,0.2985509999853093,0.2984502000035718,0.29875379998702556,0.29915549998986535,1.0002698999887798,,
184,jamaican_sub01,21,Female,70,Jamaican Creole,1,Di bathroom faucet spring a leak.,,6,,,,,,,,,,,,,,,,,0.2987204999953974,0.2990824999869801,0.299202599999262,0.2980053999926895,0.2982635000080336,1.0015328000008594,,,,,,,
185,jamaican_sub01,21,Female,70,Jamaican Creole,1,"Dah disaster deh, di negligent chef did cause it inna di restaurant failure",Di chef cause di disaster?,66,9.0,red,1,,,,,,,,,,,,,,0.2990053999819793,0.29913319999468513,0.2990404000156559,0.2985326000198256,0.30682560001150705,0.29927829999360256,0.2989347999973688,0.29897090001031756,0.29842530001769774,0.29908999998588115,0.29823439999017864,0.2990402999857906,1.0010665000008885
186,jamaican_sub01,21,Female,70,Jamaican Creole,1,"Wen him did deh a di market, di tailor haggle di seller.",,34,,,,,,,,,,,,,,,,,0.2986302000063006,0.2974681000050623,0.29704239999409765,0.29836620000423864,0.29927210000460036,0.2988700999994762,0.2992909000022337,0.29875439999159425,0.29825210000853986,0.2983736000023782,0.2973829999973532,1.0007966000121087,
187,jamaican_sub01,21,Female,70,Jamaican Creole,1,Who di compliment bout di food please after di meal?,,136,,,,,,,,,,,,,,,,,0.2979357000149321,0.2992569000052754,0.29864720001933165,0.29877990001114085,0.2985538999782875,0.2980012999905739,0.2989423999970313,0.29907599999569356,0.2987796000088565,1.0010888000251725,,,
188,jamaican_sub01,21,Female,70,Jamaican Creole,1,"Wen mi did deh a di museum, di artist criticise di painting.",Di artist criticize the painting?,33,9.0,red,1,,,,,,,,,,,,,,0.29806560001452453,0.29847340000560507,0.29820079999626614,0.30713689999538474,0.29850340000120923,0.2985105999978259,0.29913099997793324,0.2993436000251677,0.2976773999980651,0.29827229998772964,0.297818199993344,1.0200397000007797,
189,jamaican_sub01,21,Female,70,Jamaican Creole,1,A di objection gainst di war start di debate during di session?,Was di objection gainst di protest?,132,7.0,yellow,1,,,,,,,,,,,,,,0.2997079000051599,0.2987071000097785,0.29935380001552403,0.298854399996344,0.29860539999208413,0.2983082999999169,0.2986588999920059,0.2991376999998465,0.29887630001758225,0.2983241000038106,0.2989417999924626,1.04787569999462,
190,jamaican_sub01,21,Female,70,Jamaican Creole,1,A present di bold lawyer did present di report inna di court session,,65,,,,,,,,,,,,,,,,,0.2988076000183355,0.2993576000153553,0.2986178999999538,0.2994738999987021,0.29923730000155047,0.29816069998196326,0.298521000018809,0.297094699984882,0.2991259000264108,0.2980446000001393,0.297437400004128,0.2976479000062682,1.000763599993661
191,jamaican_sub01,21,Female,70,Jamaican Creole,1,"Wen she did deh a di house, di housekeeper see di thief.",,34,,,,,,,,,,,,,,,,,0.29877169997780584,0.29704219999257475,0.2985513999883551,0.2982073000166565,0.29848229998606257,0.2974928999901749,0.2986551999929361,0.29826039998442866,0.2983733000000939,0.29852630000095814,0.29822909997892566,1.0012221000215504,
192,jamaican_sub01,21,Female,70,Jamaican Creole,1,"Dah program deh, di expert technician did install it pon di lab computer.",,66,,,,,,,,,,,,,,,,,0.2976807000231929,0.2984483999898657,0.29920410001068376,0.2990622999786865,0.302123000001302,0.2992298000026494,0.29871830000774935,0.29900080000516027,0.29862430001958273,0.2986627999925986,0.29851270001381636,0.2990425000025425,1.000876200007042
193,jamaican_sub01,21,Female,70,Jamaican Creole,1,Wah di meeting wid di donor delay before di deadline?,,136,,,,,,,,,,,,,,,,,0.29784279997693375,0.29889179999008775,0.29803510001511313,0.2992966999881901,0.298165499989409,0.2997919000044931,0.29800400001113303,0.2978356000094209,0.2982737999991514,1.0000956000003498,,,
194,jamaican_sub01,21,Female,70,Jamaican Creole,1,break,,,,,,,,,,,,,,,,,,,,,,,,,,,,,,,
195,jamaican_sub01,21,Female,70,Jamaican Creole,1,A win di high schooler did win di scholarship inna di robotics contest.,,65,,,,,,,,,,,,,,,,,0.2985718999989331,0.2990284999832511,0.2993840999843087,0.2996267999988049,0.29859189997659996,0.2983789000136312,0.30709940000087954,0.29832129998249,0.29883990000234917,0.2986271000117995,0.29950349999126047,0.2990660000068601,1.0017279000021517
196,jamaican_sub01,21,Female,70,Jamaican Creole,1,Dem picnic get ruin by di broom.,,23,,,,,,,,,,,,,,,,,0.29894229999626987,0.29824120001285337,0.2992785999958869,0.29931149998446926,0.29907590002403595,0.2988335999834817,1.0013560999941546,,,,,,
197,jamaican_sub01,21,Female,70,Jamaican Creole,1,A di pamphlet bout di disease suggest di vaccine before di launch?,Was di pamphlet bout di disease?,132,9.0,yellow,0,,,,,,,,,,,,,,0.29960930001107045,0.29899700000532903,0.2986819999932777,0.2988191999902483,0.2993787000013981,0.29893300001276657,0.3458911000052467,0.2988206000009086,0.2985486999968998,0.2982786000065971,0.2987444000027608,1.0017172000079881,
198,jamaican_sub01,21,Female,70,Jamaican Creole,1,Yessideh di strict boss fire di employee inna di work meeting.,,72,,,,,,,,,,,,,,,,,0.299577900004806,0.2988474000012502,0.2983271999983117,0.2995665999769699,0.29931370000122115,0.2987049999937881,0.2992920000106096,0.2982845999940764,0.2988490000134334,0.2991359999869019,1.0013539000065066,,
199,jamaican_sub01,21,Female,70,Jamaican Creole,1,Mi add mi name to di baby.,,23,,,,,,,,,,,,,,,,,0.29903080000076443,0.2989039999956731,0.2991815000132192,0.29954509998788126,0.2994315999967512,0.29812620001030155,1.0004557000065688,,,,,,
200,jamaican_sub01,21,Female,70,Jamaican Creole,1,"Wen him did deh a di office, di accountant review di accounts.",,34,,,,,,,,,,,,,,,,,0.29949189999024384,0.29877439999836497,0.298044299997855,0.29827190001378767,0.35765409999294207,0.2988716999825556,0.29934190001222305,0.29890580000937916,0.29945459999726154,0.29900120000820607,0.29835940001066774,1.00047340002493,
201,jamaican_sub01,21,Female,70,Jamaican Creole,1,A di decision bout di regulations dissatisfy di investors after di vote?,,132,,,,,,,,,,,,,,,,,0.29869529997813515,0.29835779999848455,0.2985832999984268,0.2988729000207968,0.2989631000091322,0.29882210001233034,0.2989690999966115,0.2981871000083629,0.299477399996249,0.2987041999876965,0.2987178000039421,1.0016514000017196,
202,jamaican_sub01,21,Female,70,Jamaican Creole,1,"Dah email deh, di liad manager did delete it from di company phone.",Di liad man delete di contract?,66,7.0,yellow,1,,,,,,,,,,,,,,0.29864270001417026,0.2980428999871947,0.298275500012096,0.29748470001504757,0.2986414000042714,0.2991340000007767,0.2991036999737844,0.29889119998551905,0.29638149999664165,0.2991660999832675,0.2985509999853093,0.2985974999901373,1.0005566999898292
203,jamaican_sub01,21,Female,70,Jamaican Creole,1,Di winter did very harsh dis year.,,7,,,,,,,,,,,,,,,,,0.29898099999991246,0.29929249998531304,0.2991498000046704,0.29905559998587705,0.29791510000359267,0.2983723000215832,1.0009496999846306,,,,,,
204,jamaican_sub01,21,Female,70,Jamaican Creole,1,"Wen mi did deh a di mall, di madda buy di dress.",,33,,,,,,,,,,,,,,,,,0.2988665000011679,0.2981281999964267,0.29918929998530075,0.298556900001131,0.29867379998904653,0.29887969998526387,0.2992808000126388,0.29858489998150617,0.2983111999928951,0.2986023999983445,0.2986555999959819,1.0592476000019815,
205,jamaican_sub01,21,Female,70,Jamaican Creole,1,A who di experiment bout di bacteria intrigue after di results?,,144,,,,,,,,,,,,,,,,,0.2945856000005733,0.2974466999876313,0.2988970000005793,0.29891039998619817,0.29910500001278706,0.29888539999956265,0.29885079999803565,0.29866969998693094,0.29928159998962656,0.2986369999998715,1.0014713999989908,,
206,jamaican_sub01,21,Female,70,Jamaican Creole,1,A scold di annoying client did scold di employee pon di work phone.,,65,,,,,,,,,,,,,,,,,0.29891730000963435,0.298265600024024,0.29928919998928905,0.29841200000373647,0.2989962999999989,0.2988378999871202,0.29825210000853986,0.2988356999994721,0.2984713999903761,0.34747790000983514,0.29908460000297055,0.2991725000028964,1.0013537000049837
207,jamaican_sub01,21,Female,70,Jamaican Creole,1,"Wen mi did deh a di office, di manager organize di meetings.",Di receptionist organize di meetings?,33,7.0,yellow,1,,,,,,,,,,,,,,0.2990884000028018,0.2987186000100337,0.29828010001801886,0.2993586999946274,0.29914009998901747,0.2986881000106223,0.29889609999372624,0.298828400002094,0.2988879000185989,0.29891320000751875,0.2989155000250321,1.0010564999829512,
208,jamaican_sub01,21,Female,70,Jamaican Creole,1,Wah di objection by di attorney delay before di decision?,,136,,,,,,,,,,,,,,,,,0.2986213999975007,0.29775130000780337,0.29903500000364147,0.29848080000374466,0.29888499999651685,0.29878300000564195,0.29877740002120845,0.29898590000811964,0.2980587999918498,1.0016862000047695,,,
209,jamaican_sub01,21,Female,70,Jamaican Creole,1,A dah equation deh di curious student did learn at di math conference.,Di student learn di equation?,68,9.0,red,1,,,,,,,,,,,,,,0.2989319000043906,0.29777020000619814,0.2987775000219699,0.2982674000086263,0.29995480002253316,0.2992896999930963,0.3073312999913469,0.2982095000043046,0.29890890000388026,0.29617299998062663,0.29858669999521226,0.29915609999443404,1.0001281000149902
210,jamaican_sub01,21,Female,70,Jamaican Creole,1,George write one chapter inna di book.,,7,,,,,,,,,,,,,,,,,0.29876860001240857,0.2985841000045184,0.29853910001111217,0.2983128000050783,0.33596150000812486,0.29869729999336414,1.0012794000213034,,,,,,
211,jamaican_sub01,21,Female,70,Jamaican Creole,1,"Dah rumor deh, di talkative woman did start it a di family gathering.",,66,,,,,,,,,,,,,,,,,0.2983844999980647,0.29911429999629036,0.29890480000176467,0.2989526000164915,0.2993939000007231,0.2978118000028189,0.2984388000040781,0.2983761999930721,0.29819640002097003,0.29869480000343174,0.2986893000197597,0.29819890001090243,1.0002090999914799
212,jamaican_sub01,21,Female,70,Jamaican Creole,1,A wah di presentation bout di climate predict before di drought?,,144,,,,,,,,,,,,,,,,,0.2988904000085313,0.29858669999521226,0.299028699984774,0.29879760000039823,0.2986304000078235,0.2989856000058353,0.2992794000019785,0.2986283999925945,0.2993473999958951,0.29877740002120845,1.0013600000238512,,
213,jamaican_sub01,21,Female,70,Jamaican Creole,1,Yessideh di professional photographer capture di scene inna di mountainside area.,,72,,,,,,,,,,,,,,,,,0.29918319999706,0.2991749000211712,0.2990908999927342,0.29774860001634806,0.2988580999954138,0.29855370000586845,0.2982175999786705,0.41489759998512454,0.29877620001207106,0.29848019999917597,1.0010229000181425,,
214,jamaican_sub01,21,Female,70,Jamaican Creole,1,Who di drawing of di king please during di exhibition?,,136,,,,,,,,,,,,,,,,,0.2986490000039339,0.29803100001299754,0.2987703999970108,0.29935820001992397,0.29890249998425134,0.2980686000082642,0.29911079999874346,0.2983757999900263,0.29779270000290126,1.000295300007565,,,
215,jamaican_sub01,21,Female,70,Jamaican Creole,1,A dah servant deh di seasoned reporter did contact inna di palace residence.,,68,,,,,,,,,,,,,,,,,0.2988216999801807,0.29914170000120066,0.2985194000066258,0.29813059998559766,0.29906339998706244,0.3660545999882743,0.29875740001443774,0.29834959999425337,0.2986545000167098,0.29861369999707676,0.2980913000064902,0.29876389997662045,1.0006025999900885
216,jamaican_sub01,21,Female,70,Jamaican Creole,1,"Wen she did deh a di kitchen, di waitress prep di food.",,34,,,,,,,,,,,,,,,,,0.2991121000086423,0.29706930002430454,0.2990278000070248,0.2987841000140179,0.298562200012384,0.2986197999853175,0.29867710001417436,0.2986302999779582,0.29843749999417923,0.2989015000057407,0.29862279997905716,1.0513026999833528,
217,jamaican_sub01,21,Female,70,Jamaican Creole,1,break,,,,,,,,,,,,,,,,,,,,,,,,,,,,,,,
218,jamaican_sub01,21,Female,70,Jamaican Creole,1,A solve di smart student did solve di exam inna di exam hall.,,65,,,,,,,,,,,,,,,,,0.29817959998035803,0.2984534999995958,0.29934629998751916,0.29964909999398515,0.29770880000432953,0.29812089999904856,0.29793729999801144,0.2976118999940809,0.2977764999959618,0.29881119998754,0.2984755999932531,0.29908569998224266,1.000985299993772
219,jamaican_sub01,21,Female,70,Jamaican Creole,1,A wah di protest gainst di government interrupt during di session?,,144,,,,,,,,,,,,,,,,,0.29897649999475107,0.29925089998869225,0.29864700001780875,0.2990595999872312,0.2975049999949988,0.29885819999617524,0.29895620001479983,0.2979797000007238,0.2986375000036787,0.29830219998257235,1.0009781999979168,,
220,jamaican_sub01,21,Female,70,Jamaican Creole,1,Dem heat di pool wid solar energy.,,7,,,,,,,,,,,,,,,,,0.2993391000200063,0.29928500001551583,0.2987217000045348,0.2989747000101488,0.29920660000061616,0.2976201999990735,1.0016280999989249,,,,,,
221,jamaican_sub01,21,Female,70,Jamaican Creole,1,A dah sound deh di fearful adventurer did hear inna di haunted house.,,68,,,,,,,,,,,,,,,,,0.2982588000013493,0.2995729999965988,0.298926899995422,0.2983502999995835,0.3256480999989435,0.2991012000129558,0.298914999992121,0.29816860001301393,0.2981840000138618,0.29838740002014674,0.2982211000053212,0.29864870000164956,1.0007367999933194
222,jamaican_sub01,21,Female,70,Jamaican Creole,1,A who di feedback bout di sale upset after di meeting?,,144,,,,,,,,,,,,,,,,,0.29776679998030886,0.29878859999007545,0.29732589999912307,0.29831809998722747,0.2983206000062637,0.29857120002270676,0.2994059000047855,0.29842680000001565,0.2991626000148244,0.2989800000214018,1.0006616000027861,,
223,jamaican_sub01,21,Female,70,Jamaican Creole,1,Mi like hot fudge wid ice cream.,Yuh like hot fudge wid icecream?,7,9.0,red,1,,,,,,,,,,,,,,0.2991481000208296,0.29847809998318553,0.2980671999976039,0.29851540000527166,0.29877769999438897,0.29843830000027083,1.0008224000048358,,,,,,
224,jamaican_sub01,21,Female,70,Jamaican Creole,1,"Dah shake deh, di disciplined athlete did drink it before di football game.",,66,,,,,,,,,,,,,,,,,0.29930320000858046,0.29846779999206774,0.2989905999857001,0.29559449999942444,0.29885639998246916,0.2993603000068106,0.2989759000192862,0.2984530000248924,0.297529300005408,0.2977180000161752,0.29965709999669343,0.2978274000051897,1.0008340000058524
225,jamaican_sub01,21,Female,70,Jamaican Creole,1,A di poem by di singer win di contest after di reading?,,132,,,,,,,,,,,,,,,,,0.2996164999785833,0.29947810000157915,0.2993543999909889,0.29818370001157746,0.2987816999957431,0.29913300002226606,0.29903500000364147,0.29921500000637025,0.29841940000187606,0.2993391000200063,0.2974984999746084,1.0010236000234727,
226,jamaican_sub01,21,Female,70,Jamaican Creole,1,"Dah equipment deh, di bribed referee did change it inna di world championship.",,66,,,,,,,,,,,,,,,,,0.29872070002602413,0.29964889999246225,0.2987372000061441,0.29769540001871064,0.2989460999961011,0.2986512999923434,0.29822949998197146,0.29924449999816716,0.29855539998970926,0.2979563999979291,0.2984162000066135,0.2985777000139933,1.0505009999906179
227,jamaican_sub01,21,Female,70,Jamaican Creole,1,Wah di performance by di pitney receive during di festival?,,136,,,,,,,,,,,,,,,,,0.2986365999968257,0.299033999996027,0.2987293000041973,0.29848559998208657,0.2994831999822054,0.2990375999943353,0.2995013000036124,0.2986757999751717,0.2994310999929439,1.0005047999729868,,,
228,jamaican_sub01,21,Female,70,Jamaican Creole,1,Mi order one ham and cheese band.,,23,,,,,,,,,,,,,,,,,0.29876280002645217,0.2988717000116594,0.2974916000093799,0.2990163000067696,0.2991898000182118,0.29958500000066124,1.100113299995428,,,,,,
229,jamaican_sub01,21,Female,70,Jamaican Creole,1,A leff di old ooman did leff di son inna di clinic hallway.,,65,,,,,,,,,,,,,,,,,0.2990335999929812,0.29918869998073205,0.29900389999966137,0.29907290000119247,0.2989487000158988,0.29888339998433366,0.2987672000017483,0.2988699999987148,0.29872539997450076,0.298723300016718,0.299038199998904,0.2992489000025671,1.0006309000018518
230,jamaican_sub01,21,Female,70,Jamaican Creole,1,Who di excuse bout di grade annoy during di lecture?,,136,,,,,,,,,,,,,,,,,0.29930400001467206,0.29897810000693426,0.2992472000187263,0.2989321000059135,0.2983959999983199,0.2987108000088483,0.2973894999886397,0.29849560000002384,0.29880729998694733,1.0013380000018515,,,
231,jamaican_sub01,21,Female,70,Jamaican Creole,1,"Wen mi did deh a di meeting, di secretary organize di files.",,33,,,,,,,,,,,,,,,,,0.2989839000219945,0.29829679999966174,0.29814769999939017,0.2988488999835681,0.29873459998634644,0.2980072000063956,0.2990611999994144,0.29869520000647753,0.2990969000093173,0.2978533999994397,0.29838110000127926,1.0004098000063095,
232,jamaican_sub01,21,Female,70,Jamaican Creole,1,Yessideh di event organizer book di singer fi di music festival.,,72,,,,,,,,,,,,,,,,,0.2984232000017073,0.29864480000105686,0.29878959999768995,0.29871230002027005,0.30741050001233816,0.29717890001484193,0.29869620001409203,0.29874450000352226,0.2984277999785263,0.29941710000275634,1.0018279000069015,,
233,jamaican_sub01,21,Female,70,Jamaican Creole,1,A di discovery a di ruins astound di archaeologists during di tour?,Di discovery was bout a shipwreck?,132,7.0,yellow,1,,,,,,,,,,,,,,0.2978752000199165,0.29846469999756664,0.29810109999380074,0.2981101000041235,0.2986625999910757,0.2992992000072263,0.29882020002696663,0.2987524999771267,0.2985278999840375,0.33740420002141036,0.29832070000702515,1.0009218000050168,
234,jamaican_sub01,21,Female,70,Jamaican Creole,1,"Wen him did deh a di port, di sailor prepare di boat.",,34,,,,,,,,,,,,,,,,,0.29902669999864884,0.29847189999418333,0.2982868999824859,0.29768250000779517,0.2978622000082396,0.2991729000059422,0.2992023999977391,0.2981517000007443,0.2994608999870252,0.29871790000470355,0.2991395999852102,1.0013538000057451,
235,jamaican_sub01,21,Female,70,Jamaican Creole,1,"Before him exercise, Jack always stretch him word.",,24,,,,,,,,,,,,,,,,,0.2988605999853462,0.2980072000063956,0.29916389999561943,0.29926359999808483,0.29830769999534823,0.2987565000075847,0.29885490000015125,1.0012929000076838,,,,,
236,jamaican_sub01,21,Female,70,Jamaican Creole,1,A dah executive deh di junior employee did admire from di company workshop.,Di junior employee did hate di executive?,68,7.0,yellow,1,,,,,,,,,,,,,,0.2977660000033211,0.29850019997684285,0.29878939999616705,0.2987866000039503,0.29892040000413544,0.2977664999780245,0.29909260000567883,0.2988793000113219,0.2975493000121787,0.2983734000008553,0.2979754999978468,0.2989326000097208,1.0012892999802716
237,jamaican_sub01,21,Female,70,Jamaican Creole,1,"Wen mi did deh a di prison, di guard fight di inmates.",,33,,,,,,,,,,,,,,,,,0.2987890999938827,0.29882660001749173,0.29814540001098067,0.29813650000141934,0.2976226000173483,0.2990941999887582,0.29907700000330806,0.2982073000166565,0.29861820000223815,0.29914620000636205,0.2983181000163313,1.0003585999947973,
238,jamaican_sub01,21,Female,70,Jamaican Creole,1,Yessideh di hardworking student complete di exam inna di school library.,Di student complete di exam?,72,9.0,red,1,,,,,,,,,,,,,,0.29834830001345836,0.29827560001285747,0.29878199999802746,0.29873789998237044,0.2993623999936972,0.40638299999409355,0.2986459000094328,0.29801189998397604,0.29843710002023727,0.2988852999988012,1.0006262000242714,,
239,jamaican_sub01,21,Female,70,Jamaican Creole,1,"Wen she did deh a di meeting, di secretary write di notes.",,34,,,,,,,,,,,,,,,,,0.2981190999853425,0.2989381999941543,0.29803160001756623,0.2988183999841567,0.29864769999403507,0.2983081999991555,0.29925870001898147,0.29762170001049526,0.2993611999845598,0.2984139999898616,0.2982225000159815,1.001502300001448,
240,jamaican_sub01,21,Female,70,Jamaican Creole,1,break,,,,,,,,,,,,,,,,,,,,,,,,,,,,,,,
241,jamaican_sub01,21,Female,70,Jamaican Creole,1,Yessideh di strict teacha scold di student inna di morning assembly.,,72,,,,,,,,,,,,,,,,,0.29907619999721646,0.2987615000165533,0.29899950002436526,0.2986685000068974,0.2996896000113338,0.2986717000021599,0.29844350001076236,0.29759200001717545,0.2969217000063509,0.2985476999892853,1.0012359000102151,,
242,jamaican_sub01,21,Female,70,Jamaican Creole,1,Karen wake up afta one bad carpet.,,23,,,,,,,,,,,,,,,,,0.2982479000056628,0.2986973999941256,0.29889050000929274,0.34583000000566244,0.2989870999881532,0.2984154000005219,1.0007463000074495,,,,,,
243,jamaican_sub01,21,Female,70,Jamaican Creole,1,A di presentation by di architect facilitate di contract during di negotiation?,,132,,,,,,,,,,,,,,,,,0.2987054999975953,0.2986062999989372,0.2991463000071235,0.2986098999972455,0.29851689998758957,0.2988341999880504,0.29869279998820275,0.29854779999004677,0.2988916000176687,0.2988276000251062,0.29863179998937994,1.0011181999871042,
244,jamaican_sub01,21,Female,70,Jamaican Creole,1,A dah suggestion deh di new manager did accept inna di meeting room.,,68,,,,,,,,,,,,,,,,,0.2988121999951545,0.3327599999902304,0.2989662000036333,0.2985216000233777,0.2982709000061732,0.2984918000001926,0.29873810001299717,0.29860189999453723,0.2978178999910597,0.2987087999936193,0.29888990000472404,0.29890660001547076,1.001095699990401
245,jamaican_sub01,21,Female,70,Jamaican Creole,1,Di attendant full up di car wid gas.,,8,,,,,,,,,,,,,,,,,0.29828160000033677,0.29870490002213046,0.2986374999745749,0.2990986999939196,0.2986300999764353,0.30759710000711493,0.29824940001708455,1.0008697000157554,,,,,
246,jamaican_sub01,21,Female,70,Jamaican Creole,1,A who di guest a di speaker insult during di ceremony?,,144,,,,,,,,,,,,,,,,,0.2989596000115853,0.2987280999950599,0.29886929999338463,0.2985976999916602,0.29673830000683665,0.2980414000048768,0.2993690999865066,0.2988852999988012,0.2987635000026785,0.29762700002174824,1.0018804999999702,,
247,jamaican_sub01,21,Female,70,Jamaican Creole,1,A study di diligent student did study di subject pon di break period.,,65,,,,,,,,,,,,,,,,,0.29820349998772144,0.29802719998406246,0.2987063000036869,0.29824160001589917,0.2976816000009421,0.2973121000104584,0.2982486999826506,0.2981976000010036,0.29837490001227707,0.2986842000100296,0.29759450000710785,0.2986107000033371,0.9998151999898255
248,jamaican_sub01,21,Female,70,Jamaican Creole,1,Who di exhibition a di sculptures excite during di opening?,,136,,,,,,,,,,,,,,,,,0.298560199997155,0.2976108000148088,0.29852469998877496,0.2984887999773491,0.2966970000125002,0.2985791999963112,0.29811529998551123,0.3492260000202805,0.2991547999845352,1.000503299990669,,,
249,jamaican_sub01,21,Female,70,Jamaican Creole,1,"Wen mi did deh a di place, di actress sign di t-shirt.",,33,,,,,,,,,,,,,,,,,0.29899229999864474,0.2986444999987725,0.2991428000095766,0.29818869999144226,0.29792640000232495,0.2977985999896191,0.2997132000164129,0.29786419999436475,0.29897609999170527,0.29869879997568205,0.29824100001133047,1.0007236000092234,
250,jamaican_sub01,21,Female,70,Jamaican Creole,1,Di bwoy dem help Jane wax har church.,,24,,,,,,,,,,,,,,,,,0.298639299988281,0.29861779999919236,0.2989114999945741,0.29896220000227913,0.299170000012964,0.2980014999920968,0.36573250000947155,0.9999077999964356,,,,,
251,jamaican_sub01,21,Female,70,Jamaican Creole,1,A di email bout di fundraiser surprise di philanthropist after di announcement?,Di email was bout a fundraiser?,132,9.0,red,1,,,,,,,,,,,,,,0.2988910000131,0.29859639998176135,0.3070490999962203,0.29914970000390895,0.29812339998898096,0.29918410000391304,0.2994845999928657,0.2979990000021644,0.29969419998815283,0.2987843999871984,0.29867200000444427,1.000974499998847,
252,jamaican_sub01,21,Female,70,Jamaican Creole,1,A present di French director did present di film inna di Arab community.,,65,,,,,,,,,,,,,,,,,0.29935329998261295,0.2991881000052672,0.29864540000562556,0.29935919999843463,0.2991418000019621,0.29786319998675026,0.2992184000031557,0.2988781000021845,0.2985478000191506,0.2987403000006452,0.29786780002177693,0.2988127999997232,1.001216900011059
253,jamaican_sub01,21,Female,70,Jamaican Creole,1,Wen mi did deh a di shop di salesman assist di customers.,,33,,,,,,,,,,,,,,,,,0.383156500000041,0.29938700000639074,0.2982610999897588,0.2989989999914542,0.2992934000212699,0.29894490001606755,0.2992726999800652,0.2986440999957267,0.29925809998530895,0.29887080000480637,0.2974611000099685,1.0010089999996126,
254,jamaican_sub01,21,Female,70,Jamaican Creole,1,"Dah fan deh, di known poet did meet him inna di literature festival.",,66,,,,,,,,,,,,,,,,,0.29872590000741184,0.29887739999685436,0.2990554999851156,0.299287000001641,0.2995037999935448,0.29845460000797175,0.2992521999985911,0.29889070001081564,0.29902280002716,0.29901999997673556,0.29823640000540763,0.29888499999651685,1.0755120000103489
255,jamaican_sub01,21,Female,70,Jamaican Creole,1,"Wen she did deh a di park, di nanny tek di pickney.",,34,,,,,,,,,,,,,,,,,0.29937309998786077,0.2993027000047732,0.29841940000187606,0.29867009998997673,0.29921070000273176,0.29820409999229014,0.2986312000139151,0.298152300005313,0.29868700000224635,0.2991641999979038,0.2982124999980442,1.0010364000045229,
256,jamaican_sub01,21,Female,70,Jamaican Creole,1,Jack order one hamburger an french fries.,Jack order one milkshake?,7,7.0,yellow,1,,,,,,,,,,,,,,0.29932009999174625,0.2982406999799423,0.2988142000103835,0.2988873999856878,0.298726600012742,0.2983116999967024,1.0007545000116806,,,,,,
257,jamaican_sub01,21,Female,70,Jamaican Creole,1,"Dah statement deh, di political announcer did criticize it inna di last interview.",,66,,,,,,,,,,,,,,,,,0.29827519998070784,0.2986433999903966,0.2984381999995094,0.29793239998980425,0.2987111999827903,0.2993117999867536,0.2982190999900922,0.29912499999045394,0.29819380000117235,0.2980282999924384,0.299005999986548,0.29777699999976903,0.9999216999858618
258,jamaican_sub01,21,Female,70,Jamaican Creole,1,Wah di poll bout di debate uncover during di campaign?,,136,,,,,,,,,,,,,,,,,0.29948260000674054,0.2985002999776043,0.29914430002099834,0.2974967999907676,0.2982342000177596,0.3739310000091791,0.29862190000130795,0.2990243000094779,0.29769629999645986,1.0010453000140842,,,
259,jamaican_sub01,21,Female,70,Jamaican Creole,1,A dah fish deh di popular chef did cook inna di live show.,Di chef cook fish inna di live show?,68,9.0,red,1,,,,,,,,,,,,,,0.29862479999428615,0.2989114999945741,0.297062099998584,0.2977602999890223,0.2974081999855116,0.29738500001258217,0.2990710999874864,0.29752730001928285,0.2985726000042632,0.2986432999896351,0.2987827000033576,0.29884420000598766,1.0003725000133272
260,jamaican_sub01,21,Female,70,Jamaican Creole,1,"Wen him did deh a di restaurant, di chef feed di waiter.",,34,,,,,,,,,,,,,,,,,0.2991852999839466,0.3824566999974195,0.29853040000307374,0.29816849998314865,0.2989069999894127,0.29671439999947324,0.29860789998201653,0.29725149998557754,0.2983034999924712,0.2992134000232909,0.29791839999961667,1.001250200002687,
261,jamaican_sub01,21,Female,70,Jamaican Creole,1,A wah di recipe by di farmer require before di preparation?,,144,,,,,,,,,,,,,,,,,0.2990732000034768,0.2992779999913182,0.29845910001313314,0.2989060999825597,0.2987507999932859,0.2988554000039585,0.29865050001535565,0.298521000018809,0.298342699999921,0.29776710001169704,0.9995325999916531,,
262,jamaican_sub01,21,Female,70,Jamaican Creole,1,Yessideh di famous director discuss di film inna di studio office.,Di director discuss di play?,72,7.0,red,0,,,,,,,,,,,,,,0.29892020000261255,0.2991030999983195,0.29904839998926036,0.29933660000097007,0.298835900000995,0.2979492000013124,0.29909260000567883,0.2985668000183068,0.29879369999980554,0.2979040000063833,1.001136700011557,,
263,jamaican_sub01,21,Female,70,Jamaican Creole,1,break,,,,,,,,,,,,,,,,,,,,,,,,,,,,,,,
264,jamaican_sub01,21,Female,70,Jamaican Creole,1,A dah fren deh di mischievous teenager did fight inna di side alley.,Di teenager did fight har bredda?,68,7.0,yellow,1,,,,,,,,,,,,,,0.297896000003675,0.2985896999889519,0.2990398000110872,0.29846900000120513,0.2986373000021558,0.2993201999925077,0.29913609998766333,0.29845870001008734,0.2984209000132978,0.29910030000610277,0.2987270999874454,0.29897790000541136,1.0017790999845602
265,jamaican_sub01,21,Female,70,Jamaican Creole,1,A who di information bout di stocks deceive before di decision?,,144,,,,,,,,,,,,,,,,,0.2990877999982331,0.2993482000019867,0.29908159998012707,0.29902389997732826,0.2988016000017524,0.29814229998737574,0.29816740000387654,0.29912829998647794,0.29932270001154393,0.29843469997285865,1.0018426000024192,,
266,jamaican_sub01,21,Female,70,Jamaican Creole,1,Di organist play along wid di church choir.,,8,,,,,,,,,,,,,,,,,0.2981126999948174,0.29855180002050474,0.29889199999161065,0.2982001000200398,0.2991234000073746,0.2991716999968048,0.2987783999997191,1.0009245999972336,,,,,
267,jamaican_sub01,21,Female,70,Jamaican Creole,1,Yessideh di excited fan meet di footballer inna di backstage area.,Di footballer meet di fan backstage?,72,9.0,yellow,0,,,,,,,,,,,,,,0.29922220000298694,0.2988782999746036,0.29915150001761504,0.29788250001729466,0.29799580000690185,0.2981834000092931,0.2972966999805067,0.29873519999091513,0.29751829997985624,0.2988987000135239,1.0009645000100136,,
268,jamaican_sub01,21,Female,70,Jamaican Creole,1,A di protest by di workers challenge di government after di announcement?,,132,,,,,,,,,,,,,,,,,0.2984606000245549,0.2976817000017036,0.2981468999932986,0.2977958999981638,0.2983097000105772,0.29814890000852756,0.2976368000090588,0.2984749000170268,0.2974794000037946,0.29819970001699403,0.29878529999405146,1.000601400010055,
269,jamaican_sub01,21,Female,70,Jamaican Creole,1,New York a one very busy cream.,,23,,,,,,,,,,,,,,,,,0.2975224999827333,0.29894619999686256,0.29802859999472275,0.2984729000017978,0.2989049000025261,0.29788500000722706,1.0506090999988373,,,,,,
270,jamaican_sub01,21,Female,70,Jamaican Creole,1,A capture di ambitious photographar did capture di forest inna di studio work.,,65,,,,,,,,,,,,,,,,,0.3074464999954216,0.2991366000205744,0.29927350001526065,0.29763139999704435,0.29699110001092777,0.2976788000087254,0.2987983000057284,0.2986353999876883,0.2991401000181213,0.2980822999961674,0.29896410001674667,0.29885110000032,1.0016195999924093
271,jamaican_sub01,21,Female,70,Jamaican Creole,1,"Wen mi did deh a di site, di engineer revise di design.",,33,,,,,,,,,,,,,,,,,0.299018799996702,0.29827540001133457,0.29771809998783283,0.2987317999941297,0.2991813000116963,0.3225710000260733,0.29947489997721277,0.29780859997845255,0.2984160000050906,0.29825680001522414,0.2984807000029832,1.0009307000145782,
272,jamaican_sub01,21,Female,70,Jamaican Creole,1,Wah di problem wid di engine prevent before di takeoff?,,136,,,,,,,,,,,,,,,,,0.2985425000078976,0.29929120000451803,0.29862239997601137,0.29928059998201206,0.29770240001380444,0.29815960000269115,0.29930750001221895,0.2982901000068523,0.29836359998444095,1.0014403000241145,,,
273,jamaican_sub01,21,Female,70,Jamaican Creole,1,Mi cat cover up inna white fur.,Yuh cat cover inna white fur?,7,9.0,red,1,,,,,,,,,,,,,,0.29816160001792014,0.2994291999784764,0.29964109999127686,0.2990673999884166,0.2982398000021931,0.2984367999888491,1.0009911000088323,,,,,,
274,jamaican_sub01,21,Female,70,Jamaican Creole,1,A wah di review by di critic affect after di release?,,144,,,,,,,,,,,,,,,,,0.29863340000156313,0.2987049999937881,0.29880819999380037,0.299238499981584,0.298525599995628,0.2989254000131041,0.29861840000376105,0.2989610999939032,0.3075093000079505,0.29897400000481866,1.0010465999948792,,
275,jamaican_sub01,21,Female,70,Jamaican Creole,1,A wield di brave heroine did wield di sword inna di battle arena.,,65,,,,,,,,,,,,,,,,,0.2988867999811191,0.2993381999840494,0.29818599999998696,0.29967690000194125,0.2989399000070989,0.2989726999949198,0.2991035000013653,0.2984404999879189,0.2989352000004146,0.29836950000026263,0.29835189998266287,0.2993006999895442,1.0091722000215668
276,jamaican_sub01,21,Female,70,Jamaican Creole,1,Who di film by di journalist offend after di sermon?,,136,,,,,,,,,,,,,,,,,0.2988867000094615,0.29857620000257157,0.2987389999907464,0.3574190999788698,0.2990020999859553,0.29858999999123625,0.299059999990277,0.29901370001607575,0.29801110000698827,1.0007392000115942,,,
277,jamaican_sub01,21,Female,70,Jamaican Creole,1,"Wen she did deh a di restaurant, di cook prepare di dinner.",,34,,,,,,,,,,,,,,,,,0.2987814999942202,0.2986330999992788,0.29823949999990873,0.29838849999941885,0.29845560001558624,0.29877210000995547,0.2994964999961667,0.2980513999937102,0.29772530001355335,0.2987742999976035,0.297882800019579,1.1101456000178587,
278,jamaican_sub01,21,Female,70,Jamaican Creole,1,"Dah food deh, di hungry patient did nyam it inna di recovery ward.",,66,,,,,,,,,,,,,,,,,0.29947939998237416,0.2989682999905199,0.29932399999233894,0.2977067000174429,0.3026733000006061,0.2993801000120584,0.2985888999828603,0.2991395000135526,0.2988314999965951,0.29964640000252984,0.29780770000070333,0.29910770000424236,1.0013572000025306
279,jamaican_sub01,21,Female,70,Jamaican Creole,1,A di experiment by di doctors deceive di nurse during di procedure?,Di experiment was by di mad scientist?,132,7.0,yellow,1,,,,,,,,,,,,,,0.299030700000003,0.29823439999017864,0.29964299997664057,0.2987962000188418,0.2983869000163395,0.2989811000006739,0.29927109999698587,0.2981364000006579,0.2982166000001598,0.29917520002345555,0.29875410001841374,1.001027799997246,
280,jamaican_sub01,21,Female,70,Jamaican Creole,1,"Wen him did deh a di site, di engineer notice di foreman.",,34,,,,,,,,,,,,,,,,,0.2990752999903634,0.29893609997816384,0.29950349999126047,0.2987977000011597,0.2986838000069838,0.29870929999742657,0.2987360999977682,0.2989747000101488,0.2990480000153184,0.29882709999219514,0.2986374999745749,1.0017430000007153,
281,jamaican_sub01,21,Female,70,Jamaican Creole,1,Yessideh di talented coach train di swimmer inna di African championship.,,72,,,,,,,,,,,,,,,,,0.298781899997266,0.3067445000051521,0.2978210000146646,0.29841960000339895,0.2959489999921061,0.2974040000117384,0.29893439999432303,0.2978108999959659,0.2973675999965053,0.2990206000104081,1.0013594000192825,,
282,jamaican_sub01,21,Female,70,Jamaican Creole,1,"Wen mi did deh a di salon, di hairdresser prepare di customer.",,33,,,,,,,,,,,,,,,,,0.29848060000222176,0.2983720999909565,0.29843049999908544,0.3892938999924809,0.298842499993043,0.2978904999908991,0.2990656000038143,0.29812130000209436,0.29878919999464415,0.2989207000064198,0.29775769999832846,1.0006513000116684,
283,jamaican_sub01,21,Female,70,Jamaican Creole,1,"Dah surgeon deh, di stubborn journalist did oppose him inna di morning article.",,66,,,,,,,,,,,,,,,,,0.29915540001820773,0.2987444000027608,0.29900410000118427,0.297646299994085,0.299040200014133,0.2991189000022132,0.29827189998468384,0.2986642999749165,0.29859590000705793,0.29791550000663847,0.29853599998750724,0.2993949999799952,1.0423993000003975
284,jamaican_sub01,21,Female,70,Jamaican Creole,1,Di racing car dem get di checkered shore.,,24,,,,,,,,,,,,,,,,,0.29894720000447705,0.29851789999520406,0.2985114000039175,0.29769449998275377,0.2984092000115197,0.29851629998302087,0.29906709998613223,1.000893200020073,,,,,
285,jamaican_sub01,21,Female,70,Jamaican Creole,1,A dah teacher deh di relentless blogger did expose inna di online post.,,68,,,,,,,,,,,,,,,,,0.29861860000528395,0.29911079999874346,0.2976247000042349,0.2985640999977477,0.29826280000270344,0.2989096000092104,0.29886599999736063,0.2973919000069145,0.2985255000239704,0.38197970000328496,0.29830150000634603,0.29841160000069067,1.0016335000109393
286,jamaican_sub01,21,Female,70,Jamaican Creole,1,break,,,,,,,,,,,,,,,,,,,,,,,,,,,,,,,
287,jamaican_sub01,21,Female,70,Jamaican Creole,1,Ray drop down an skin up him smell.,,24,,,,,,,,,,,,,,,,,0.2989833999890834,0.2988333000103012,0.29848900000797585,0.298369800002547,0.2990680999937467,0.29869870000402443,0.29822180001065135,1.00075169999036,,,,,
288,jamaican_sub01,21,Female,70,Jamaican Creole,1,Yessideh di selfless firefighter rescue di tenant from di broken elevator.,,72,,,,,,,,,,,,,,,,,0.29830940000829287,0.29932089999783784,0.299553199991351,0.2978286000143271,0.2988832999835722,0.2972887000069022,0.2988121999951545,0.29921500000637025,0.2981220000074245,0.29808030001004227,1.0005131000070833,,
289,jamaican_sub01,21,Female,70,Jamaican Creole,1,A di story by di reporter uncover di scandal after di townhall?,,132,,,,,,,,,,,,,,,,,0.2987139000033494,0.29922659997828305,0.29932479999843054,0.2983100999845192,0.29935409998870455,0.29876420000800863,0.2989553000079468,0.29890019999584183,0.2986772999865934,0.2985699000128079,0.2991955999750644,1.0009283999970648,
290,jamaican_sub01,21,Female,70,Jamaican Creole,1,A dah town deh di sensitive poet did describe inna di famous collection.,,68,,,,,,,,,,,,,,,,,0.29809699999168515,0.2986045000143349,0.2988150000164751,0.2990655000030529,0.2989487000158988,0.29841590000432916,0.2990981000184547,0.29897649999475107,0.2985177999944426,0.2982797999866307,0.29486789999646135,0.2986815999902319,1.001266500010388
291,jamaican_sub01,21,Female,70,Jamaican Creole,1,Yessideh di tidy mada prepare di furniture inna di new house.,Di mada prepare di laundry?,72,7.0,yellow,1,,,,,,,,,,,,,,0.29890599998179823,0.2977461999980733,0.2989547000033781,0.29913140001008287,0.2985013000143226,0.2987812000210397,0.2986718000029214,0.29817279998678714,0.29836330001126043,0.2988310999935493,1.0012625000090338,,
292,jamaican_sub01,21,Female,70,Jamaican Creole,1,A wah di statue a di president block during di ceremony?,,144,,,,,,,,,,,,,,,,,0.2987305999849923,0.29789899999741465,0.29880690001300536,0.298460400023032,0.29887709999457,0.2986897000228055,0.29917819998809136,0.29817299998831004,0.2990544000058435,0.2984571999986656,1.0009989000100177,,
293,jamaican_sub01,21,Female,70,Jamaican Creole,1,A dah gift deh di kind neighbor did tek from di new neighbors.,,68,,,,,,,,,,,,,,,,,0.29910830000881106,0.2986617999849841,0.29881189999287017,0.29871830000774935,0.29748219999601133,0.29714080001576804,0.2977506000024732,0.2971386999997776,0.2987933999975212,0.2976218000112567,0.3076553999853786,0.29845170001499355,1.000463700009277
294,jamaican_sub01,21,Female,70,Jamaican Creole,1,"Wen mi did deh a di station, di policeman solve di case.",,33,,,,,,,,,,,,,,,,,0.29890039999736473,0.29835519997868687,0.29891030001454055,0.29849009998724796,0.2992573000083212,0.2982499999925494,0.2981623999949079,0.29819950001547113,0.2989563000155613,0.29900490000727586,0.2973325999919325,1.000600100000156,
295,jamaican_sub01,21,Female,70,Jamaican Creole,1,"Dah friend deh, di active girl did chase har inna di neighborhood garden.",,66,,,,,,,,,,,,,,,,,0.29887679999228567,0.29836749998503365,0.2994182000111323,0.29922159999841824,0.297694999986561,0.29817399999592453,0.29890780002460815,0.2987210999999661,0.2986798999772873,0.2978043000039179,0.36622450000140816,0.29789960000198334,1.0006816000095569
296,jamaican_sub01,21,Female,70,Jamaican Creole,1,"Wen him did deh a di station, di officer salute di captain.",Di officer salute di captain a di station?,34,9.0,red,1,,,,,,,,,,,,,,0.2986252999980934,0.29791569997905754,0.2993930999946315,0.29784270000527613,0.2984934999840334,0.29770860000280663,0.2976745000050869,0.2973532000032719,0.2980284999939613,0.29751049997867085,0.29853559998446144,1.0014230999804568,
297,jamaican_sub01,21,Female,70,Jamaican Creole,1,A order di savvy customer did order di gadget from di internet store.,,65,,,,,,,,,,,,,,,,,0.29797849999158643,0.2983087000029627,0.29937470000004396,0.29932849999750033,0.2990343999990728,0.2986160000145901,0.29869009999674745,0.2989631999807898,0.29890089997206815,0.29915400000754744,0.30219729998498224,0.29850470001110807,1.0011341999925207
298,jamaican_sub01,21,Female,70,Jamaican Creole,1,Brian pour some sauce pon him rare disease.,,24,,,,,,,,,,,,,,,,,0.2987107999797445,0.29935429999022745,0.29787219999707304,0.2992571999784559,0.29866719999699853,0.29728880000766367,0.2978522999910638,1.0507418000197504,,,,,
299,jamaican_sub01,21,Female,70,Jamaican Creole,1,Who di incompetence a di doctor injure during di operation?,,136,,,,,,,,,,,,,,,,,0.2992356999893673,0.2988109999860171,0.29863609999301843,0.29854029999114573,0.2986098999972455,0.29918020000332035,0.2983523999864701,0.2975287000008393,0.29847959999460727,1.0004833999846596,,,
300,jamaican_sub01,21,Female,70,Jamaican Creole,1,"Wen mi did deh a di school, di teacher teach di students.",,33,,,,,,,,,,,,,,,,,0.29884959998889826,0.2981465999910142,0.29808649999904446,0.2983818000066094,0.2987322000262793,0.29736549998051487,0.29906130000017583,0.36603969999123365,0.2990311999747064,0.2989072999916971,0.2973299000004772,1.000818900007289,
301,jamaican_sub01,21,Female,70,Jamaican Creole,1,Wah di question by di chemist reveal during di lecture?,Di chemist did have a question?,136,9.0,red,1,,,,,,,,,,,,,,0.2991543000098318,0.2975750000041444,0.29915839998284355,0.29876960002002306,0.2970803999924101,0.2988240999984555,0.29892530001234263,0.30697479998343624,0.29876259999582544,1.0009925999911502,,,
302,jamaican_sub01,21,Female,70,Jamaican Creole,1,"Dah technique deh, di contemporary scholar did master it inna di university lecture.",,66,,,,,,,,,,,,,,,,,0.2987345000146888,0.29914809999172576,0.29923810000764206,0.29776710001169704,0.29853989998809993,0.2991232000058517,0.2986277999880258,0.2976896000036504,0.29867649998050183,0.2984407000185456,0.29776159999892116,0.298214900016319,1.001301100011915
303,jamaican_sub01,21,Female,70,Jamaican Creole,1,Pam weigh harself pon di bathroom scale.,Pam weigh herself pon di hospital scale?,7,7.0,yellow,1,,,,,,,,,,,,,,0.29859839999699034,0.29825580000760965,0.29908179998164997,0.29837900001439266,0.3908094000071287,0.2985229999758303,1.000930000009248,,,,,,
304,jamaican_sub01,21,Female,70,Jamaican Creole,1,"Wen she did deh a di school, di principal punish di students.",,34,,,,,,,,,,,,,,,,,0.2982398000021931,0.29855700000189245,0.2981121000193525,0.29811760000302456,0.29826219999813475,0.2985972999886144,0.29878159999498166,0.29793420000351034,0.29851560000679456,0.2987739999953192,0.2977109999919776,1.0511034000082873,
305,jamaican_sub01,21,Female,70,Jamaican Creole,1,A who di invitation to di fundraiser excite before di event?,,144,,,,,,,,,,,,,,,,,0.298800399992615,0.29836539999814704,0.29885229998035356,0.299002699990524,0.2977731999999378,0.2990488999930676,0.29863799997838214,0.2983744000084698,0.29908810000051744,0.2975927999941632,1.0006557000160683,,
306,jamaican_sub01,21,Female,70,Jamaican Creole,1,A discuss di university doctah did discuss di theory inna di scientific conference.,,65,,,,,,,,,,,,,,,,,0.29876279999734834,0.2980761000071652,0.2991148000000976,0.29884380000294186,0.2989974000083748,0.2969440000015311,0.2990611999994144,0.2983398000069428,0.29842720000306144,0.299636499985354,0.29852509999182075,0.2986797000048682,1.001232299982803
307,jamaican_sub01,21,Female,70,Jamaican Creole,1,A di film bout di recession enlighten di audience during di screening?,,132,,,,,,,,,,,,,,,,,0.29810270000598393,0.2981669000000693,0.29800119998981245,0.2989141000143718,0.29929409999749623,0.29877540000597946,0.2975727999873925,0.29761799998232163,0.29867859999649227,0.29799500000081025,0.29726079999818467,1.001063499978045,
308,jamaican_sub01,21,Female,70,Jamaican Creole,1,Yesterday dem paddle di canoe dung di river.,,8,,,,,,,,,,,,,,,,,0.29903249998460524,0.2994920000201091,0.29957889998331666,0.29934930001036264,0.2990684999967925,0.29829289999906905,0.29903789999661967,1.0001383000053465,,,,,
309,jamaican_sub01,21,Female,70,Jamaican Creole,1,break,,,,,,,,,,,,,,,,,,,,,,,,,,,,,,,
310,jamaican_sub01,21,Female,70,Jamaican Creole,1,A who di letter from di president praise after di project?,,144,,,,,,,,,,,,,,,,,0.29882070000167005,0.29914740001549944,0.29874180001206696,0.29877000002306886,0.2982971000019461,0.29664640000555664,0.299398300005123,0.29922200000146404,0.29884239999228157,0.297222299996065,1.0009442000009585,,
311,jamaican_sub01,21,Female,70,Jamaican Creole,1,A dah hat deh di stylish model did buy after di fashion show.,,68,,,,,,,,,,,,,,,,,0.29885289998492226,0.2985577000072226,0.2982701000000816,0.2987328000017442,0.2988781000021845,0.2995023000112269,0.29866089997813106,0.298975599987898,0.29931740000029095,0.2989485999860335,0.2988075999892317,0.35777480000979267,1.0000976999872364
312,jamaican_sub01,21,Female,70,Jamaican Creole,1,"Afta dem rob him, di victim call di police.",,9,,,,,,,,,,,,,,,,,0.2987765000143554,0.29915899998741224,0.29944390000309795,0.2988533999887295,0.2991842000046745,0.29940820002229884,0.29880570000386797,0.2986609000072349,1.0003541000187397,,,,
313,jamaican_sub01,21,Female,70,Jamaican Creole,1,Yessideh di respectable man love di girl inna di community circle.,Di man love di girl?,72,9.0,red,1,,,,,,,,,,,,,,0.29817689998890273,0.29907000000821427,0.298711400013417,0.29928899998776615,0.2989493999921251,0.29839469998842105,0.36619299999438226,0.3076180000207387,0.2992763000074774,0.2977749000128824,1.0006216000183485,,
314,jamaican_sub01,21,Female,70,Jamaican Creole,1,Who di invention by di professor influence after di publication?,,136,,,,,,,,,,,,,,,,,0.2991751999943517,0.29876400000648573,0.29838089999975637,0.29725289999623783,0.2984339000249747,0.2981572000135202,0.3131172999856062,0.2987606000097003,0.2980360999936238,1.0014416000049096,,,
315,jamaican_sub01,21,Female,70,Jamaican Creole,1,A dah vegetable deh di old worker did sell inna di small shop.,,68,,,,,,,,,,,,,,,,,0.29896489999373443,0.2988441000052262,0.29793669999344274,0.2976355999999214,0.29918630002066493,0.29762090000440367,0.29859329998726025,0.2985726000042632,0.2984447999915574,0.2989395000040531,0.2980595999979414,0.29839010001160204,1.000298999977531
316,jamaican_sub01,21,Female,70,Jamaican Creole,1,All a di planet dem circle roun di number.,,25,,,,,,,,,,,,,,,,,0.29828449999331497,0.29919669998344034,0.2983770999999251,0.29892719999770634,0.2989880999957677,0.29853699999512173,0.2985832999984268,0.29760510000051,1.0007804000051692,,,,
317,jamaican_sub01,21,Female,70,Jamaican Creole,1,Yessideh di naughty bwoy bruk di TV inna di games room.,,72,,,,,,,,,,,,,,,,,0.2987658000201918,0.2983366000116803,0.2983488999889232,0.2989592000085395,0.2986613000102807,0.33268089999910444,0.2984193000011146,0.2994823000044562,0.2979936999909114,0.29909469999256544,1.0008053999918047,,
318,jamaican_sub01,21,Female,70,Jamaican Creole,1,"Wen she did deh a di studio, di broadcaster greet di audience.",,34,,,,,,,,,,,,,,,,,0.29871050000656396,0.2987706999992952,0.2979724999750033,0.29874929998186417,0.2987542999908328,0.2979126999853179,0.2985397999873385,0.2990564000210725,0.29822229998535477,0.2985325999907218,0.2983820000081323,1.000790499994764,
319,jamaican_sub01,21,Female,70,Jamaican Creole,1,A buy di interior designer did buy di vase from di website listing.,,65,,,,,,,,,,,,,,,,,0.30562289999215864,0.29878199999802746,0.29849350001313724,0.2984121000044979,0.2973432999860961,0.2986353999876883,0.29878280000411905,0.29704649999621324,0.2988009999971837,0.2980968000192661,0.29831680000643246,0.2976206000021193,1.0010693999938667
320,jamaican_sub01,21,Female,70,Jamaican Creole,1,A wah di testimony by di victim allege during di deposition?,,144,,,,,,,,,,,,,,,,,0.2978953999991063,0.2987305999849923,0.29882540000835434,0.29934500000672415,0.2987429000204429,0.2989162000012584,0.2983523000148125,0.29809499997645617,0.29794140000012703,0.29878039998584427,1.0011964999721386,,
321,jamaican_sub01,21,Female,70,Jamaican Creole,1,"Dah truck deh, di reliable mechanic did repair it after di board meeting.",,66,,,,,,,,,,,,,,,,,0.2991361999884248,0.29918610001914203,0.29877289998694323,0.29911050002556294,0.2991090000141412,0.2992107999743894,0.2979791999969166,0.29915879998588935,0.2988982999813743,0.29905780000262894,0.29729729998507537,0.29833799999323674,1.0015179000038188
322,jamaican_sub01,21,Female,70,Jamaican Creole,1,"Wen mi did deh a di trial, di lawyer bring di defendant.",,33,,,,,,,,,,,,,,,,,0.29774760000873357,0.29900279999128543,0.29795670000021346,0.29783840000163764,0.29891130002215505,0.298777300020447,0.2993793999776244,0.2986372000013944,0.29868700000224635,0.30730420001782477,0.2990830999915488,1.0011689999955706,
323,jamaican_sub01,21,Female,70,Jamaican Creole,1,Wah di report by di investigator influence during di hearing?,Di report was by a priest?,136,7.0,yellow,1,,,,,,,,,,,,,,0.2977443000127096,0.29836829999112524,0.29953729998669587,0.299199300003238,0.29761259999941103,0.2981343000137713,0.29874840000411496,0.3103541000164114,0.29930380001314916,1.0000487999932375,,,
324,jamaican_sub01,21,Female,70,Jamaican Creole,1,"Wen mi did deh a di studio, di reporter present di broadcast.",,33,,,,,,,,,,,,,,,,,0.2984719999949448,0.30658109998330474,0.2983762999938335,0.298369800002547,0.29869210001197644,0.29846099999849685,0.2986718000029214,0.29861280001932755,0.2988863000064157,0.29862680000951514,0.2987528000085149,1.001522999984445,
325,jamaican_sub01,21,Female,70,Jamaican Creole,1,"Dah girl deh, di proud fathar did encourage har inna di football match.",,66,,,,,,,,,,,,,,,,,0.29883489999338053,0.2987001000146847,0.2975863999745343,0.2990052000095602,0.2990929000079632,0.29828980000456795,0.2987565999792423,0.2993625999952201,0.2987742999976035,0.2979110000014771,0.2988370999810286,0.2984254999901168,1.0011800000211224
326,jamaican_sub01,21,Female,70,Jamaican Creole,1,"Wen him did deh a di theater, di producer adjust di scene.",A di lights di producer adjust?,34,7.0,yellow,1,,,,,,,,,,,,,,0.299068599997554,0.2990688999998383,0.29928059998201206,0.29883220000192523,0.2989800999930594,0.2983681999903638,0.2978585000091698,0.29816350000328384,0.298456399992574,0.2987656000186689,0.29892410000320524,1.0011534999939613,
327,jamaican_sub01,21,Female,70,Jamaican Creole,1,Di ship disappear inna di thick soil.,,23,,,,,,,,,,,,,,,,,0.2978233000030741,0.2992400999937672,0.29877229998237453,0.29919259998132475,0.2982408999814652,0.2986910000036005,1.0010948000126518,,,,,,
328,jamaican_sub01,21,Female,70,Jamaican Creole,1,A di hypothesis bout di climate frustrate di scientist before di conference?,,132,,,,,,,,,,,,,,,,,0.29883470002096146,0.3897932999825571,0.2984763999993447,0.29856029999791645,0.29861450000316836,0.2974108999769669,0.29853470000671223,0.29763570000068285,0.29937599998083897,0.2989031999895815,0.2985585000133142,1.0008379000064451,
329,jamaican_sub01,21,Female,70,Jamaican Creole,1,Di new fertilizer rich up di soil.,Di soil rich up by di fertilizer?,7,9.0,yellow,0,,,,,,,,,,,,,,0.29759329999797046,0.2979905999964103,0.29796579998219386,0.2975733999919612,0.2981705999991391,0.29626299999654293,1.0012341999972705,,,,,,
330,jamaican_sub01,21,Female,70,Jamaican Creole,1,A buy di rich merchant did buy di gold fram di gold market.,,65,,,,,,,,,,,,,,,,,0.29835619998630136,0.2979258999985177,0.29693440001574345,0.29840349999722093,0.29901279998011887,0.2990630999847781,0.2990927999780979,0.29773649998242036,0.2986066000012215,0.29870510002365336,0.2987542000191752,0.29790370000409894,1.0011231999960728
331,jamaican_sub01,21,Female,70,Jamaican Creole,1,A di theory by di physicists deserve di award after di publication?,,132,,,,,,,,,,,,,,,,,0.3072878000093624,0.29874840000411496,0.29923910001525655,0.2982023000076879,0.29888950000167824,0.2981648999848403,0.29809039999963716,0.29882460000226274,0.2987501999887172,0.2985468999831937,0.29889710000134073,1.0013275000092108,
332,jamaican_sub01,21,Female,70,Jamaican Creole,1,break,,,,,,,,,,,,,,,,,,,,,,,,,,,,,,,
333,jamaican_sub01,21,Female,70,Jamaican Creole,1,Wah di statement bout di investigation complicate before di trial?,Di statement was bout di investigation?,136,9.0,yellow,0,,,,,,,,,,,,,,0.2976878999907058,0.29859900000155903,0.2993424000160303,0.2989043999987189,0.2986588999920059,0.29895660001784563,0.29846659998293035,0.2988445999799296,0.29774800001177937,1.0009066000056919,,,
334,jamaican_sub01,21,Female,70,Jamaican Creole,1,"Wen she did deh a di supermarket, di cashier bag di items.",,34,,,,,,,,,,,,,,,,,0.29812749999109656,0.2991974000178743,0.29865630000131205,0.29758419998688623,0.29817339999135584,0.2976438999758102,0.29805829998804256,0.2976691000221763,0.29822680001962,0.2987184000085108,0.2984463000029791,1.000802400027169,
335,jamaican_sub01,21,Female,70,Jamaican Creole,1,Yessideh di creative painter draw di horse inna di school competition.,Di painter did draw di pig?,72,7.0,yellow,1,,,,,,,,,,,,,,0.2987014999962412,0.2978980999905616,0.29806319999624975,0.2981834000092931,0.298352599987993,0.2986020000244025,0.29842610002378933,0.29806440000538714,0.2981364000006579,0.34069320000708103,1.0010573999898043,,
336,jamaican_sub01,21,Female,70,Jamaican Creole,1,"While di volley a gwaan, Joe twist him ankle.",,9,,,,,,,,,,,,,,,,,0.2992233000113629,0.29954110001563095,0.29707160001271404,0.29885550000471994,0.29829370000516064,0.29897299999720417,0.2990832000214141,0.2989337000180967,1.0013198999804445,,,,
337,jamaican_sub01,21,Female,70,Jamaican Creole,1,"Wen him did deh a di warehouse, di electrician fix di lights.",A di lights di elctrician fix?,34,9.0,red,1,,,,,,,,,,,,,,0.2987828999757767,0.2990513000113424,0.29728420000174083,0.298921599984169,0.2962725999823306,0.2978810000058729,0.2991006000083871,0.2985925000102725,0.2992863000254147,0.29741420000209473,0.2984108999953605,1.001834599999711,
338,jamaican_sub01,21,Female,70,Jamaican Creole,1,"Dah volunteer deh, di community member did recruit har pon di street outreach.",,66,,,,,,,,,,,,,,,,,0.29899500001920387,0.306793399999151,0.2990270000009332,0.2988312999950722,0.29850760000408627,0.2988393999985419,0.36479989998042583,0.299727100005839,0.2974257000023499,0.2984316000074614,0.300842399999965,0.2978953999991063,1.0012445999891497
339,jamaican_sub01,21,Female,70,Jamaican Creole,1,"Wen mi did deh a di theater, di ballerina perform di pirouette.",,33,,,,,,,,,,,,,,,,,0.29918530001305044,0.2986918000096921,0.29761159999179654,0.29849190000095405,0.29759269999340177,0.29786029999377206,0.29949539998779073,0.29893349998747,0.29838480000034906,0.2989262000191957,0.2988416000152938,1.001029600010952,
340,jamaican_sub01,21,Female,70,Jamaican Creole,1,A wah di trial a di senator prove during di investigation?,,144,,,,,,,,,,,,,,,,,0.29888660000870004,0.29955659998813644,0.2989347999973688,0.2994953000161331,0.2985346000059508,0.2974040000117384,0.2991242000134662,0.29943790001561865,0.2992517999955453,0.29912989999866113,1.001325299992459,,
341,jamaican_sub01,21,Female,70,Jamaican Creole,1,A dah law deh di nominated minister did propose inna di last speech.,,68,,,,,,,,,,,,,,,,,0.36632689999532886,0.2986732999852393,0.2992549000191502,0.29811659999541007,0.298448500019731,0.29952880000928417,0.2993994999851566,0.29802469999413006,0.2995282000047155,0.2989104999869596,0.2975086999940686,0.29850199999054894,1.000731599982828
342,jamaican_sub01,21,Female,70,Jamaican Creole,1,"Wen mi did deh a di workshop, di carpenter train di assistant.",,33,,,,,,,,,,,,,,,,,0.29959660000167787,0.2975173000013456,0.29851049999706447,0.2987421000143513,0.2983941000129562,0.2980051999911666,0.29946310000377707,0.29784230000223033,0.2982008999970276,0.29911100000026636,0.2993774999922607,1.0175629000004847,
343,jamaican_sub01,21,Female,70,Jamaican Creole,1,Yessideh di thirsty coach drink di wata inna di football field.,,72,,,,,,,,,,,,,,,,,0.29857159999664873,0.2987029000069015,0.29876569999032654,0.29899830001522787,0.29807699998491444,0.2990951999963727,0.29903230001218617,0.2990769000025466,0.2985024999943562,0.2988855000003241,1.0006625999812968,,
344,jamaican_sub01,21,Female,70,Jamaican Creole,1,Who di theory bout di comet amaze after di discovery?,,136,,,,,,,,,,,,,,,,,0.29833699998562224,0.29913530001067556,0.30418700000154786,0.2991143999970518,0.2984040000010282,0.29883449999033473,0.29822889997740276,0.2989460999961011,0.2976403000066057,1.0008005000127014,,,
345,jamaican_sub01,21,Female,70,Jamaican Creole,1,A help di kind nurse did help di woman pon di hospital ward.,,65,,,,,,,,,,,,,,,,,0.2981705999991391,0.29859349998878315,0.2989347999973688,0.29865339997923,0.29866970001603477,0.2990554999851156,0.2978550000116229,0.2990058000141289,0.2992206000199076,0.2985390000103507,0.29728510000859387,0.29844889999367297,1.0091911999916192
346,jamaican_sub01,21,Female,70,Jamaican Creole,1,A who di tweet by di actress mock after di premiere?,,144,,,,,,,,,,,,,,,,,0.29905630002031103,0.2982023999793455,0.2989724999933969,0.2986387000128161,0.2991121999802999,0.29912350000813603,0.29866989998845384,0.29771149999578483,0.2986646000063047,0.29847360000712797,1.0012304999982007,,
347,jamaican_sub01,21,Female,70,Jamaican Creole,1,"While di movie a gwaan, wi nyam popcorn wid buttered luck.",,27,,,,,,,,,,,,,,,,,0.29883059998974204,0.29792250000173226,0.29861579998396337,0.29881450001266785,0.29882789999828674,0.29880239997874014,0.2982868999824859,0.29881780000869185,0.298433300020406,0.2987581000197679,1.035630999977002,,
348,jamaican_sub01,21,Female,70,Jamaican Creole,1,A dah woman deh di stingy customer did cuss inna di clothes store.,,68,,,,,,,,,,,,,,,,,0.29845529998419806,0.298620799992932,0.2991557000204921,0.29895709999254905,0.29911429999629036,0.2990820999839343,0.2989825999829918,0.29854739998700097,0.29887880000751466,0.29819750000024214,0.29828770001768135,0.2986695999861695,1.0012641999928746
349,jamaican_sub01,21,Female,70,Jamaican Creole,1,A di tutorial by di engineer save di project before di deadline?,,132,,,,,,,,,,,,,,,,,0.29414009998436086,0.29896720001124777,0.2988608000159729,0.29848860000493005,0.29832270002225414,0.29833510000025854,0.2984819000121206,0.2980752000003122,0.29824969999026507,0.29911249998258427,0.3060782999964431,1.0012185999948997,
350,jamaican_sub01,21,Female,70,Jamaican Creole,1,Di likkle bwoy kick weh di ball.,Di bwoy kick weh di bat?,7,7.0,yellow,1,,,,,,,,,,,,,,0.29895549998036586,0.2990399999835063,0.29863860001205467,0.29872019999311306,0.37221839997801,0.29891090001910925,1.000910799979465,,,,,,
351,jamaican_sub01,21,Female,70,Jamaican Creole,1,A grab di rushing woman did grab di juice inna di supermarket aisle.,,65,,,,,,,,,,,,,,,,,0.29878790001384914,0.29878179999650456,0.3369475999788847,0.2991395999852102,0.29884239999228157,0.29771050001727417,0.29654859998845495,0.29771399998571724,0.29870660000597127,0.297838700003922,0.2974164000188466,0.29771380001329817,1.0006446999905165
352,jamaican_sub01,21,Female,70,Jamaican Creole,1,Every Monday di gardener mow di safe.,,23,,,,,,,,,,,,,,,,,0.29853930001263507,0.298472499998752,0.29847340000560507,0.29799319998710416,0.2982551000022795,0.2979484999959823,1.000814500002889,,,,,,
353,jamaican_sub01,21,Female,70,Jamaican Creole,1,"Dah homework deh, di busy student did solve it inna di school hall.",,66,,,,,,,,,,,,,,,,,0.3179752999858465,0.29909079999197274,0.2988167000003159,0.3055678000091575,0.29853619998903014,0.2980824999976903,0.29737960000056773,0.29805889999261126,0.2976831999840215,0.2990388000034727,0.2975097000016831,0.2982812999980524,1.0007111000013538
354,jamaican_sub01,21,Female,70,Jamaican Creole,1,A di rejection a di treaty hurt di imports after di vote?,,132,,,,,,,,,,,,,,,,,0.298872500017751,0.29858400000375696,0.29845440000644885,0.2981658999924548,0.2978296999935992,0.298791799985338,0.2991565999982413,0.2988286000036169,0.2990194000012707,0.2990618000039831,0.2976162999984808,1.0420515000005253,
