,name,age,sex,handedness,experiment,list,sentence,taskQuestion,trigger,expectedAnswer,participantAnswer,answer,word1,word2,word3,word4,word5,word6,word7,word8,word9,word10,word11,word12,word13,12,13,14,15,16,17,18,19,20,21,22,23,24
0,jamaican_sub002,21,Female,100,Jamaican Creole,2,Dis a yuh first practice question.,A did one practice sentence?,0,9.0,red,1,,,,,,,,,,,,,,0.3493521999916993,0.34930500003974885,0.34905419999267906,0.3491089000017382,0.34778809995623305,1.1018240000121295,,,,,,,
1,jamaican_sub002,21,Female,100,Jamaican Creole,2,See one next practice question yah,A did one next practice sentence?,0,9.0,red,1,,,,,,,,,,,,,,0.3481261000270024,0.3489545000484213,0.3474659000057727,0.3491541999974288,0.34700960002373904,1.10090969997691,,,,,,,
2,jamaican_sub002,21,Female,100,Jamaican Creole,2,Di trick a fi keep yuh head still di entire time.,,0,,,,,,,,,,,,,,,,,0.349804800003767,0.34925520000979304,0.3498088999767788,0.3498096000403166,0.3491943000117317,0.3502174000022933,0.3489600000320934,0.3489849000470713,0.34886619995813817,0.34851789998356253,1.1004306999966502,,
3,jamaican_sub002,21,Female,100,Jamaican Creole,2,Please nuh try blink during di sentence.,,0,,,,,,,,,,,,,,,,,0.35010360000887886,0.3503070999868214,0.34929990000091493,0.3494626000174321,0.34929270000429824,0.3488280000165105,1.1011323999846354,,,,,,
4,jamaican_sub002,21,Female,100,Jamaican Creole,2,Yuh can blink after di sentence and during di question dem!,Yuh can blink during di sentence?,0,7.0,red,0,,,,,,,,,,,,,,0.34900699998252094,0.34961169998859987,0.3495176999713294,0.34990340005606413,0.34908070001984015,0.3495402000262402,0.3491990999900736,0.34890729998005554,0.3488597000250593,0.35006890003569424,1.1006240000133403,,
5,jamaican_sub002,21,Female,100,Jamaican Creole,2,Yuh fi try relax as much as possible.,,0,,,,,,,,,,,,,,,,,0.3494568999740295,0.3494638999691233,0.34840100002475083,0.34942629997385666,0.349328099982813,0.34959820000221953,0.3496178000350483,1.100371600012295,,,,,
6,jamaican_sub002,21,Female,100,Jamaican Creole,2,Keep yuh eye dem focus pon di box inna di center.,Yuh can look to di side?,0,7.0,yellow,1,,,,,,,,,,,,,,0.34962440002709627,0.3499131999560632,0.348885599989444,0.34931809996487573,0.34973319998243824,0.34970680001424626,0.34927990002324805,0.34965019999071956,0.3494001000071876,0.3497940000379458,1.1009337000432424,,
7,jamaican_sub002,21,Female,100,Jamaican Creole,2,Try fi keep yuh face relaxed.,,0,,,,,,,,,,,,,,,,,0.3487053000135347,0.34850840002764016,0.3492120000300929,0.3491974000353366,0.34892419999232516,1.1003921999945305,,,,,,,
8,jamaican_sub002,21,Female,100,Jamaican Creole,2,Tek a moment fi ask any question.,,0,,,,,,,,,,,,,,,,,0.3487724000005983,0.3488373000291176,0.34769110003253445,0.34930289996555075,0.3492893999791704,0.3483508999925107,1.1009687999612652,,,,,,
9,jamaican_sub002,21,Female,100,Jamaican Creole,2,Dis a di last example sentence.,Nuh more practice questions ago deh deh?,0,7.0,yellow,1,,,,,,,,,,,,,,0.34961559996008873,0.3484947999822907,0.34933990001445636,0.3492211999837309,0.349133100011386,1.100653900008183,,,,,,,
10,jamaican_sub002,21,Female,100,Jamaican Creole,2,break,,,,,,,,,,,,,,,,,,,,,,,,,,,,,,,
11,jamaican_sub002,21,Female,100,Jamaican Creole,2,A di statement bout di investigation complicate di election before di trial?,Di statement was bout di investigation?,132,9.0,red,1,,,,,,,,,,,,,,0.3485695999697782,0.4376768000074662,0.3480684999958612,0.34945340000558645,0.3490157999913208,0.3498006000299938,0.3492644000216387,0.34826579998480156,0.3487479999894276,0.3486434000078589,0.3491865000105463,1.100593300012406,
12,jamaican_sub002,21,Female,100,Jamaican Creole,2,"Wen mi did deh a di supermarket, di cashier bag di items.",,33,,,,,,,,,,,,,,,,,0.3478379999869503,0.3488975999644026,0.34988179994979873,0.34964540001237765,0.34670150000602007,0.3475437000161037,0.34959390002768487,0.3450707999872975,0.3481045000371523,0.3496560999774374,0.34893039998132735,1.1004345000255853,
13,jamaican_sub002,21,Female,100,Jamaican Creole,2,"Dah horse deh, di creative painter did draw it inna di school competition.",Di painter did draw di pig?,66,7.0,yellow,1,,,,,,,,,,,,,,0.34886019997065887,0.3484732999932021,0.34758689999580383,0.3471917000133544,0.34887750004418194,0.3490008999942802,0.34880870004417375,0.3497075999621302,0.3481452999985777,0.3476321999914944,0.34867879998637363,0.3485384000232443,1.1010798000497743
14,jamaican_sub002,21,Female,100,Jamaican Creole,2,"While di volley a gwaan, Joe twist him money.",,25,,,,,,,,,,,,,,,,,0.34930400003213435,0.3491095000063069,0.3493912999983877,0.34811469999840483,0.3480038999696262,0.3490353999659419,0.3486102999886498,0.3486577000003308,1.1013466999866068,,,,
15,jamaican_sub002,21,Female,100,Jamaican Creole,2,"Wen mi did deh a di warehouse, di electrician fix di lights.",A di lights di elctrician fix?,33,9.0,red,1,,,,,,,,,,,,,,0.3488814000156708,0.3483851000200957,0.3493144999956712,0.34822769998572767,0.3456200999789871,0.3495907000033185,0.34875810000812635,0.3490626999991946,0.3493688000016846,0.34812600002624094,0.3492440999834798,1.1009742000023834,
16,jamaican_sub002,21,Female,100,Jamaican Creole,2,A dah volunteer deh di community member did recruit pon di street outreach.,,68,,,,,,,,,,,,,,,,,0.3492592999828048,0.349419999984093,0.3496315000229515,0.3479290999821387,0.34858480002731085,0.348954799992498,0.34962910000467673,0.3499041000031866,0.3494178000255488,0.34965619997819886,0.3494431999861263,0.3492694000015035,1.1011371000204235
17,jamaican_sub002,21,Female,100,Jamaican Creole,2,"Wen she did deh a di theater, di ballerina perform di pirouette.",,34,,,,,,,,,,,,,,,,,0.34863689995836467,0.34930429997621104,0.34796430001733825,0.34972319996450096,0.348409200028982,0.3501848999876529,0.34915389999514446,0.34747899998910725,0.3494547000154853,0.3491761000477709,0.34873770002741367,1.1003098000073805,
18,jamaican_sub002,21,Female,100,Jamaican Creole,2,Wah di trial a di senator prove during di investigation?,,136,,,,,,,,,,,,,,,,,0.34966919996077195,0.3502757999813184,0.3498742000083439,0.34933270001783967,0.3488632999942638,0.34944729995913804,0.34923789999447763,0.34810949995880947,0.3483165000216104,1.1003023999510333,,,
19,jamaican_sub002,21,Female,100,Jamaican Creole,2,A propose di nominated minister did propose di law inna di last speech.,,65,,,,,,,,,,,,,,,,,0.3497213000082411,0.34843610000098124,0.34932699997443706,0.3492385999998078,0.34898980002617463,0.34811429999535903,0.3491527999867685,0.3490163999958895,0.34810649999417365,0.34810020000441,0.3473952999920584,0.34938999998848885,1.1004178000148386
20,jamaican_sub002,21,Female,100,Jamaican Creole,2,"Wen him did deh a di workshop, di carpenter train di assistant.",,34,,,,,,,,,,,,,,,,,0.3493286000448279,0.34898120001889765,0.3487289000186138,0.349598300002981,0.34863820002647117,0.3481333000236191,0.34864609997021034,0.3479730000253767,0.3497252000379376,0.3491395000019111,0.3492952000233345,1.0999912999686785,
21,jamaican_sub002,21,Female,100,Jamaican Creole,2,"Dah wata deh, di thirsty coach did drink it inna di football field.",,66,,,,,,,,,,,,,,,,,0.3491272999672219,0.3487572000012733,0.3497386999661103,0.34948030003579333,0.3500343000050634,0.3480102999601513,0.3495065000024624,0.3490885999635793,0.34900550002930686,0.34892430005129427,0.34897700004512444,0.3498115999973379,1.1004862999543548
22,jamaican_sub002,21,Female,100,Jamaican Creole,2,A di theory bout di comet amaze di scientists after di discovery?,,132,,,,,,,,,,,,,,,,,0.3482298000017181,0.3488750999676995,0.34952940000221133,0.34692929999437183,0.3488774999859743,0.3497250999789685,0.34851899999193847,0.34847399999853224,0.3490688999881968,0.34767280000960454,0.3490066999802366,1.100865199987311,
23,jamaican_sub002,21,Female,100,Jamaican Creole,2,Yessideh di kind nurse help di woman inna di hospital ward.,,72,,,,,,,,,,,,,,,,,0.34927770000649616,0.3491410000133328,0.34935590001987293,0.34901609999360517,0.3500884000095539,0.3489727000123821,0.3503224000451155,0.3474379999679513,0.3495751000009477,0.3492894000373781,1.1009807999944314,,
24,jamaican_sub002,21,Female,100,Jamaican Creole,2,Who di tweet by di actress mock after di premiere?,,136,,,,,,,,,,,,,,,,,0.3493938999599777,0.34977580001577735,0.35083599999779835,0.34840890002669767,0.34773879998829216,0.34828610002296045,0.3483121999888681,0.34898700000485405,0.3472038999898359,1.1000582000124268,,,
25,jamaican_sub002,21,Female,100,Jamaican Creole,2,"While di movie a gwaan, wi nyam popcorn wid butter.",,10,,,,,,,,,,,,,,,,,0.3494319999590516,0.3486043000011705,0.34801739995600656,0.34805840003537014,0.3490058000315912,0.3483212999999523,0.3494543999549933,0.3470896999933757,0.3485538000240922,1.1011804000008851,,,
26,jamaican_sub002,21,Female,100,Jamaican Creole,2,A cuss di stingy customer did cuss di woman inna di clothes store.,,65,,,,,,,,,,,,,,,,,0.34765180002432317,0.34926630003610626,0.34968319995095953,0.3494576999801211,0.3486527999630198,0.3482880999799818,0.34804509999230504,0.34928949997993186,0.3480842999997549,0.3487635999917984,0.3481353000388481,0.34915249998448417,1.1010342999943532
27,jamaican_sub002,21,Female,100,Jamaican Creole,2,A wah di tutorial by di engineer save before di deadline?,,144,,,,,,,,,,,,,,,,,0.3491777000017464,0.34968180005671456,0.34904549998464063,0.34920039999997243,0.3493655000347644,0.34835619997465983,0.34930380003061146,0.34885080001549795,0.3491988000459969,0.34708990005310625,1.10110369999893,,
28,jamaican_sub002,21,Female,100,Jamaican Creole,2,Di likkle bwoy punt di car.,,22,,,,,,,,,,,,,,,,,0.34922629996435717,0.3499553999863565,0.34986790001858026,0.34954329999163747,0.3498486999887973,1.101073700003326,,,,,,,
29,jamaican_sub002,21,Female,100,Jamaican Creole,2,Yessideh di rushing woman grab di juice inna di supermarket aisle.,,72,,,,,,,,,,,,,,,,,0.3491459999931976,0.3500829000258818,0.35014609998324886,0.3498975000111386,0.34806480002589524,0.34926819999236614,0.34975970000959933,0.3496606999542564,0.34830030001467094,0.349359399988316,1.100392099993769,,
30,jamaican_sub002,21,Female,100,Jamaican Creole,2,Every Monday di gardener mow di lawn.,Di gardener mow the lawn Friday?,7,7.0,yellow,1,,,,,,,,,,,,,,0.3493464000057429,0.34918520000064746,0.34936629998264834,0.3486792999901809,0.34944999997969717,0.3488329999963753,1.1002986999810673,,,,,,
31,jamaican_sub002,21,Female,100,Jamaican Creole,2,A dah homework deh di busy student did solve inna di school hall.,,68,,,,,,,,,,,,,,,,,0.34723710000980645,0.34835019998718053,0.34840059996349737,0.34919930004980415,0.3474694999749772,0.34878140001092106,0.3488471999880858,0.34983760002069175,0.3494074000045657,0.3465696000494063,0.3486626000376418,0.34833300003083423,1.1002533999853767
32,jamaican_sub002,21,Female,100,Jamaican Creole,2,A who di rejection a di treaty hurt after di vote?,,144,,,,,,,,,,,,,,,,,0.34928369999397546,0.34940939996158704,0.349538600014057,0.34907930000917986,0.3494869999703951,0.3489418000099249,0.34925480000674725,0.34735950001049787,0.34882690000813454,0.34733720001531765,1.1016064999857917,,
33,jamaican_sub002,21,Female,100,Jamaican Creole,2,break,,,,,,,,,,,,,,,,,,,,,,,,,,,,,,,
34,jamaican_sub002,21,Female,100,Jamaican Creole,2,Who di letter from di president praise after di project?,,136,,,,,,,,,,,,,,,,,0.34967759996652603,0.34830300003523007,0.349154100054875,0.3488853999879211,0.3487798999994993,0.3485177999828011,0.3481358999852091,0.3489160999888554,0.34950200002640486,1.1010439999517985,,,
35,jamaican_sub002,21,Female,100,Jamaican Creole,2,A buy di stylish model did buy di hat after di fashion show.,,65,,,,,,,,,,,,,,,,,0.34886859997641295,0.34916549996705726,0.3493045000359416,0.34880679997149855,0.34906179999234155,0.34849270002450794,0.348881000012625,0.3480989999952726,0.3481020999606699,0.3490724000148475,0.34868290001759306,0.3485184999881312,1.1010497999959625
36,jamaican_sub002,21,Female,100,Jamaican Creole,2,"Afta dem rob him, di victim call di mile.",,25,,,,,,,,,,,,,,,,,0.3481000000028871,0.34917229996062815,0.3485334999859333,0.3496601000078954,0.3490900000324473,0.34855190000962466,0.3491951000178233,0.3487944999942556,1.10030440002447,,,,
37,jamaican_sub002,21,Female,100,Jamaican Creole,2,"Dah girl deh, di respectable man did love har inna di community circle.",Di man love di girl?,66,9.0,yellow,0,,,,,,,,,,,,,,0.3490943999495357,0.35057640000013635,0.34937400004127994,0.34807930001989007,0.34796669997740537,0.34916449995944276,0.3484061000053771,0.34960670000873506,0.35029789997497573,0.3495206999941729,0.3496510999975726,0.3492788000148721,1.100698199996259
38,jamaican_sub002,21,Female,100,Jamaican Creole,2,A di invention by di professor influence di field after di publication?,,132,,,,,,,,,,,,,,,,,0.34905040002195165,0.3480324999545701,0.3489911000360735,0.34933659998932853,0.3484279999975115,0.34919440001249313,0.34931760001927614,0.3481155000044964,0.34853930003009737,0.34933459997409955,0.34828159998869523,1.1005659999791533,
39,jamaican_sub002,21,Female,100,Jamaican Creole,2,A sell di old worker did sell di vegetable inna di small shop.,,65,,,,,,,,,,,,,,,,,0.34862110001267865,0.3482208999921568,0.348755799990613,0.349140600010287,0.34943180001573637,0.34961149998707697,0.34911100001772866,0.34854839998297393,0.34824550000485033,0.3499264999991283,0.3506760000018403,0.3489040000131354,1.1007566999760456
40,jamaican_sub002,21,Female,100,Jamaican Creole,2,All a di planet dem circle roun di sun.,,9,,,,,,,,,,,,,,,,,0.3489601000328548,0.34879760001786053,0.349994600052014,0.34827839996432886,0.34842290001688525,0.3489067999762483,0.34888649999629706,0.3485369000118226,1.0998846999718808,,,,
41,jamaican_sub002,21,Female,100,Jamaican Creole,2,"Dah TV deh, di naughty bwoy did bruk it inna di games room.",,66,,,,,,,,,,,,,,,,,0.34981330001028255,0.3487466999795288,0.3486902000149712,0.34782319999067113,0.34867360000498593,0.34782599995378405,0.34824449999723583,0.34882889996515587,0.3487496999441646,0.3490040999604389,0.3486459000268951,0.3495242999633774,1.1000195000087842
42,jamaican_sub002,21,Female,100,Jamaican Creole,2,"Wen mi did deh a di studio, di broadcaster greet di audience.",,33,,,,,,,,,,,,,,,,,0.37657630001194775,0.3488086999859661,0.3489368999726139,0.34974289999809116,0.3499669000157155,0.3479541999986395,0.3475823999615386,0.34934059996157885,0.3684073000331409,0.34925910003948957,0.34747819998301566,1.1002731999615207,
43,jamaican_sub002,21,Female,100,Jamaican Creole,2,Yessideh di interior designer buy di vase from di website listing.,,72,,,,,,,,,,,,,,,,,0.36397379997652024,0.3483498999848962,0.34905339998658746,0.34699809999438,0.34996309998678043,0.3468764999997802,0.34829609998269007,0.34922089998144656,0.3492756999912672,0.35022429999662563,1.208581899991259,,
44,jamaican_sub002,21,Female,100,Jamaican Creole,2,Wah di testimony by di victim allege during di deposition?,,136,,,,,,,,,,,,,,,,,0.3481933000148274,0.3489650000119582,0.3502853999962099,0.34897880000062287,0.3508062000037171,0.35048120003193617,0.3500829000258818,0.3494626000174321,0.3484135000035167,1.1015661000274122,,,
45,jamaican_sub002,21,Female,100,Jamaican Creole,2,A dah truck deh di reliable mechanic did repair after di board meeting.,,68,,,,,,,,,,,,,,,,,0.3495495999814011,0.3492500999709591,0.349344199988991,0.34849150001537055,0.3491191000211984,0.34847970004193485,0.34854530001757666,0.34684589999960735,0.34793380001792684,0.3488377999747172,0.3487590999575332,0.34938869997859,1.1011623999802396
46,jamaican_sub002,21,Female,100,Jamaican Creole,2,"Wen him did deh a di trial, di lawyer bring di defendant.",,34,,,,,,,,,,,,,,,,,0.34863650001352653,0.34892660001059994,0.347823399992194,0.3483282999950461,0.34906819998286664,0.3490074999863282,0.3493414000258781,0.3467816000338644,0.34836239996366203,0.3494451000005938,0.3490876000141725,1.1013942999998108,
47,jamaican_sub002,21,Female,100,Jamaican Creole,2,A di report by di investigator influence di verdict during di hearing?,Di report was by a priest?,132,7.0,yellow,1,,,,,,,,,,,,,,0.34930980001809075,0.34898499998962507,0.34862609999254346,0.34816250001313165,0.3564279000274837,0.34842850000131875,0.3487281000125222,0.34869449998950586,0.346885500010103,0.34854750003432855,0.34633069997653365,1.1011521999607794,
48,jamaican_sub002,21,Female,100,Jamaican Creole,2,"Wen she did deh a di studio, di reporter present di broadcast.",,34,,,,,,,,,,,,,,,,,0.34929080004803836,0.348433900042437,0.34872920002089813,0.34871360001852736,0.3492277000332251,0.34925420000217855,0.3492152000544593,0.3490213999757543,0.34829590003937483,0.34891289996448904,0.34937989996979013,1.1016281999764033,
49,jamaican_sub002,21,Female,100,Jamaican Creole,2,A dah girl deh di proud fathar did encourage inna di football match.,,68,,,,,,,,,,,,,,,,,0.34928830002900213,0.349802799988538,0.349580500042066,0.34830730000976473,0.3493919000029564,0.3480856000096537,0.3488010999863036,0.34958580002421513,0.34807499998714775,0.3496469000237994,0.34966199996415526,0.34750419994816184,1.1016554999514483
50,jamaican_sub002,21,Female,100,Jamaican Creole,2,"Wen mi did deh a di theater, di producer adjust di scene.",A di lights di producer adjust?,33,7.0,yellow,1,,,,,,,,,,,,,,0.3500869999988936,0.34997580002527684,0.34924060001503676,0.3491929000010714,0.3490110999555327,0.3485801999922842,0.3483942999737337,0.34859209996648133,0.3502474999986589,0.34963940002489835,0.35015509999357164,1.1013338000047952,
51,jamaican_sub002,21,Female,100,Jamaican Creole,2,Di ship disappear inna di thick fog.,Di di thick fog mek di ship disappear?,7,9.0,red,1,,,,,,,,,,,,,,0.34957999998005107,0.3487355000106618,0.34918769996147603,0.3493579000351019,0.3494510000455193,0.3488220000290312,1.1015675000380725,,,,,,
52,jamaican_sub002,21,Female,100,Jamaican Creole,2,A who di hypothesis bout di climate frustrate before di conference?,,144,,,,,,,,,,,,,,,,,0.34961419994942844,0.34893619996728376,0.348996700020507,0.34971999999834225,0.3499017999856733,0.3496510999975726,0.34984959999565035,0.34955160005483776,0.35047730000223964,0.34906959999352694,1.1015799000160769,,
53,jamaican_sub002,21,Female,100,Jamaican Creole,2,Di new fertilizer rich up di map.,,23,,,,,,,,,,,,,,,,,0.34867639996809885,0.35036520002176985,0.3498590999515727,0.349549799982924,0.3482551000197418,0.3490959999617189,1.1007783000241034,,,,,,
54,jamaican_sub002,21,Female,100,Jamaican Creole,2,Yessideh di rich merchant buy di gold from di gold market.,,72,,,,,,,,,,,,,,,,,0.34939770004712045,0.3492269999696873,0.3570367000065744,0.34945839998545125,0.34914339997339994,0.34944479999830946,0.34901059995172545,0.3499272999470122,0.3492320000077598,0.34877250000135973,1.100710499973502,,
55,jamaican_sub002,21,Female,100,Jamaican Creole,2,A wah di theory by di physicists deserve after di publication?,,144,,,,,,,,,,,,,,,,,0.34835230000317097,0.3499034999986179,0.3493974000448361,0.3484599000075832,0.34944640001049265,0.3492581000318751,0.34895830001914874,0.347883099981118,0.34882509999442846,0.3488573000067845,1.1007155000115745,,
56,jamaican_sub002,21,Female,100,Jamaican Creole,2,break,,,,,,,,,,,,,,,,,,,,,,,,,,,,,,,
57,jamaican_sub002,21,Female,100,Jamaican Creole,2,Ray drop down an cut him knee.,Was Ray ankle cut?,7,7.0,yellow,1,,,,,,,,,,,,,,0.349616400024388,0.3476146999746561,0.35002360004000366,0.34862250002333894,0.34948630002327263,0.3480258000199683,1.1003464999957941,,,,,,
58,jamaican_sub002,21,Female,100,Jamaican Creole,2,"Dah tenant deh, di selfless firefighter did rescue him from di broken elevator.",,66,,,,,,,,,,,,,,,,,0.35043369996128604,0.3498387999716215,0.3494630000204779,0.3487289999611676,0.34829589998116717,0.3473822000087239,0.34795299998950213,0.34939099999610335,0.3493747999891639,0.3479570999625139,0.34874019998824224,0.3488493000040762,1.1002856999984942
59,jamaican_sub002,21,Female,100,Jamaican Creole,2,A wah di story by di reporter uncover after di townhall?,,144,,,,,,,,,,,,,,,,,0.34961350000230595,0.3481213999912143,0.3487061999621801,0.34918780002044514,0.34859300003154203,0.34895500005222857,0.34902329999022186,0.34851049998542294,0.3492147999932058,0.34908969997195527,1.1006299000000581,,
60,jamaican_sub002,21,Female,100,Jamaican Creole,2,A describe di sensitive poet did describe di town inna di famous collection.,,65,,,,,,,,,,,,,,,,,0.3484732999932021,0.34988210001029074,0.3494672999950126,0.3488044000114314,0.3478230999899097,0.34894830000121146,0.34870869998121634,0.349695100041572,0.34949680004501715,0.3484265999868512,0.3480525999912061,0.34804220002843067,1.101471500005573
61,jamaican_sub002,21,Female,100,Jamaican Creole,2,"Dah furniture deh, di tidy mada did prepare it inna di new house.",Di mada prepare di laundry?,66,7.0,yellow,1,,,,,,,,,,,,,,0.3476525000296533,0.34891849994892254,0.34909550001611933,0.3490565000101924,0.3492407000157982,0.34906090004369617,0.3490402000024915,0.34836560004623607,0.3480579000315629,0.3489042000146583,0.3482162000145763,0.34921850002137944,1.1015819000313058
62,jamaican_sub002,21,Female,100,Jamaican Creole,2,Wah di statue a di president block during di ceremony?,,136,,,,,,,,,,,,,,,,,0.349927100003697,0.3485765000223182,0.34863369999220595,0.34926530002849177,0.3488657000125386,0.34872780001023784,0.3488802000065334,0.34899979998590425,0.34898400004021823,1.1008924000198022,,,
63,jamaican_sub002,21,Female,100,Jamaican Creole,2,A tek di kind neighbor did tek di gift from di new neighbors.,,65,,,,,,,,,,,,,,,,,0.3495362000539899,0.34883880004053935,0.3481405000202358,0.3499081999761984,0.3493072999990545,0.3482332000276074,0.34836709999945015,0.3492650999687612,0.3484019000316039,0.3492963000317104,0.34919380000792444,0.34829170000739396,1.0995965999900363
64,jamaican_sub002,21,Female,100,Jamaican Creole,2,"Wen him did deh a di station, di policeman solve di case.",,34,,,,,,,,,,,,,,,,,0.3487442000187002,0.3494323999620974,0.34892660001059994,0.3486970000085421,0.34911700000520796,0.3481984999962151,0.3499479999882169,0.34917679999489337,0.34823810000671074,0.3485660000005737,0.3485795999877155,1.1008901000022888,
65,jamaican_sub002,21,Female,100,Jamaican Creole,2,A dah friend deh di active girl did chase inna di neighborhood garden.,,68,,,,,,,,,,,,,,,,,0.3493544000084512,0.3498964000027627,0.3477007999899797,0.3480725000263192,0.3486354000051506,0.3492524999892339,0.34954119997564703,0.3475309999776073,0.3484683999558911,0.3502691999892704,0.3480993999983184,0.3491873000166379,1.100484199996572
66,jamaican_sub002,21,Female,100,Jamaican Creole,2,"Wen mi did deh a di station, di officer salute di captain.",Di officer salute di captain a di station?,33,9.0,red,1,,,,,,,,,,,,,,0.34898900002008304,0.34954810002818704,0.34931040002265945,0.34922169998753816,0.34930629999144003,0.3485183999873698,0.34872359997825697,0.35023549996549264,0.3488161999848671,0.34816649998538196,0.347869899997022,1.1016767999972217,
67,jamaican_sub002,21,Female,100,Jamaican Creole,2,Yessideh di savvy customer order di gadget from di internet store.,,72,,,,,,,,,,,,,,,,,0.3498863999848254,0.3492335000191815,0.34831729996949434,0.3495544000179507,0.348636600014288,0.34882930002640933,0.34974169998895377,0.3478523000376299,0.3486467000329867,0.3481199000380002,1.100447400007397,,
68,jamaican_sub002,21,Female,100,Jamaican Creole,2,Brian pour some sauce pon him rare steak.,,8,,,,,,,,,,,,,,,,,0.3487596999621019,0.3496618999633938,0.3486094999825582,0.3483999000163749,0.34972719999495894,0.3493101000203751,0.347944000037387,1.1011543999775313,,,,,
69,jamaican_sub002,21,Female,100,Jamaican Creole,2,A di incompetence a di doctor injure di patient during di operation?,,132,,,,,,,,,,,,,,,,,0.3479354999726638,0.3488354000146501,0.34938520001014695,0.34955189999891445,0.348903700010851,0.34815090004121885,0.3483538999571465,0.3487247000448406,0.3493779999553226,0.34867739997571334,0.34799179999390617,1.101299999980256,
70,jamaican_sub002,21,Female,100,Jamaican Creole,2,"Wen she did deh a di school, di teacher teach di students.",,34,,,,,,,,,,,,,,,,,0.34916209999937564,0.349979099992197,0.349426599976141,0.34870949998730794,0.3492050999775529,0.3482565999729559,0.3492371999891475,0.348869499983266,0.34940710000228137,0.34869710000930354,0.34886099997675046,1.1008233000175096,
71,jamaican_sub002,21,Female,100,Jamaican Creole,2,A di question by di chemist reveal di error during di lecture?,Di chemist did have a question?,132,9.0,yellow,0,,,,,,,,,,,,,,0.3491358000319451,0.35008270002435893,0.3486515999538824,0.3491528000449762,0.3483875999809243,0.3486112999962643,0.34875469998223707,0.34849730000132695,0.3496600999496877,0.3485705000348389,0.34818120003910735,1.1013720999471843,
72,jamaican_sub002,21,Female,100,Jamaican Creole,2,A dah technique deh di contemporary scholar did master inna di university lecture.,,68,,,,,,,,,,,,,,,,,0.34886279999045655,0.35008150001522154,0.34889650001423433,0.3486134000122547,0.3486475999816321,0.349589699995704,0.3499403999885544,0.34926819999236614,0.3487821000162512,0.3476002999814227,0.3492017000098713,0.34906670002965257,1.1008982000057586
73,jamaican_sub002,21,Female,100,Jamaican Creole,2,Pam weigh harself pon di bathroom popcorn.,,23,,,,,,,,,,,,,,,,,0.34880099998554215,0.35012919997097924,0.3498321000370197,0.35040850000223145,0.34912560001248494,0.34988069999963045,1.1005789999617264,,,,,,
74,jamaican_sub002,21,Female,100,Jamaican Creole,2,"Wen mi did deh a di school, di principal punish di students.",,33,,,,,,,,,,,,,,,,,0.34926799999084324,0.34854159998940304,0.3504111999645829,0.3490784000023268,0.34827519999817014,0.3490429000230506,0.34888649999629706,0.34974309999961406,0.34910049999598414,0.35002509999321774,0.34974499995587394,1.099961199972313,
75,jamaican_sub002,21,Female,100,Jamaican Creole,2,Who di invitation to di fundraiser excite before di event?,,136,,,,,,,,,,,,,,,,,0.34944960003485903,0.35052699997322634,0.3489656000165269,0.3499611999723129,0.3486415999941528,0.34980590001214296,0.3488610999775119,0.3486714999889955,0.3492190999677405,1.1007928000180982,,,
76,jamaican_sub002,21,Female,100,Jamaican Creole,2,Yessideh di university doctah discuss di theory inna di scientific conference.,,72,,,,,,,,,,,,,,,,,0.3493224999983795,0.34871260001091287,0.34922780003398657,0.3491197999683209,0.34945340000558645,0.349985699984245,0.349724400031846,0.3497790999826975,0.3498784000403248,0.34900610003387555,1.1008764000143856,,
77,jamaican_sub002,21,Female,100,Jamaican Creole,2,A who di film bout di recession enlighten during di screening?,,144,,,,,,,,,,,,,,,,,0.3498138999566436,0.3484403999755159,0.3495041999849491,0.3488886000122875,0.3488054000190459,0.3499067999655381,0.34970229997998103,0.34901530004572123,0.34828239999478683,0.34800479997647926,1.0997141999541782,,
78,jamaican_sub002,21,Female,100,Jamaican Creole,2,Yesterday dem paddle canoe down di machine.,,23,,,,,,,,,,,,,,,,,0.34887550002895296,0.3479831999866292,0.3493555999593809,0.34946910000871867,0.34916580002754927,0.3487606000271626,1.100727499986533,,,,,,
79,jamaican_sub002,21,Female,100,Jamaican Creole,2,break,,,,,,,,,,,,,,,,,,,,,,,,,,,,,,,
80,jamaican_sub002,21,Female,100,Jamaican Creole,2,A fight di mischievous teenager did fight di fren inna di side alley.,Di teenager did fight har bredda?,65,7.0,yellow,1,,,,,,,,,,,,,,0.34862070000963286,0.3489154999842867,0.3493422000319697,0.3492800000240095,0.34907769999699667,0.3477847999893129,0.3494357999879867,0.34909570001764223,0.3486080000293441,0.3493663999834098,0.34801850002259016,0.349588000040967,1.10120440000901
81,jamaican_sub002,21,Female,100,Jamaican Creole,2,Who di information bout di stocks deceive before di decision?,,136,,,,,,,,,,,,,,,,,0.3492419000249356,0.3477235000464134,0.34883629996329546,0.34850989998085424,0.34893610002472997,0.3491721000173129,0.3488200000138022,0.34782470000209287,0.34837820002576336,1.1005633000168018,,,
82,jamaican_sub002,21,Female,100,Jamaican Creole,2,Di organist play along wid di church paint.,,24,,,,,,,,,,,,,,,,,0.3484302000142634,0.34833499998785555,0.34916829998837784,0.34659059997648,0.34863550000591204,0.34813940001185983,0.34769839997170493,1.1005331000196747,,,,,
83,jamaican_sub002,21,Female,100,Jamaican Creole,2,"Dah footballer deh, di excited fan did meet him inna di backstage area.",Di footballer meet di fan backstage?,66,9.0,red,1,,,,,,,,,,,,,,0.3488047000137158,0.34912540001096204,0.34912520000943914,0.34889949997887015,0.3474352000048384,0.3493179000215605,0.348728500015568,0.3492259999620728,0.349791299959179,0.3488080999813974,0.34888890001457185,0.349043799971696,1.101445899985265
84,jamaican_sub002,21,Female,100,Jamaican Creole,2,A wah di protest by di workers challenge after di announcement?,,144,,,,,,,,,,,,,,,,,0.34930820000590757,0.3495705000241287,0.34862669999711215,0.3496916000149213,0.34930780000286177,0.34925919998204336,0.34992839995538816,0.348693500040099,0.3478294999804348,0.34863989998120815,1.1022596000111662,,
85,jamaican_sub002,21,Female,100,Jamaican Creole,2,New York a one very busy city.,Di city of New York busy?,7,9.0,red,1,,,,,,,,,,,,,,0.34864749998087063,0.3484417000436224,0.348770999989938,0.3483322999672964,0.3489508000202477,0.3495740999933332,1.1010800000512972,,,,,,
86,jamaican_sub002,21,Female,100,Jamaican Creole,2,Yessideh di ambitious photographer capture di forest inna di exhibition series.,,72,,,,,,,,,,,,,,,,,0.3494568999740295,0.3496668000007048,0.34949529997538775,0.34948189998976886,0.3490387999918312,0.3485855999751948,0.3486043000011705,0.3492182000190951,0.34951180004281923,0.3487246999866329,1.1000070999725722,,
87,jamaican_sub002,21,Female,100,Jamaican Creole,2,"Wen him did deh a di site, di engineer revise di design.",,34,,,,,,,,,,,,,,,,,0.3486801999970339,0.3490818999707699,0.34888330003013834,0.3496327999746427,0.34717770002316684,0.34877629997208714,0.3497625999734737,0.3499320999835618,0.3495348999858834,0.3471725999843329,0.34947529999772087,1.10082799999509,
88,jamaican_sub002,21,Female,100,Jamaican Creole,2,A di problem wid di engine prevent di flight before di takeoff?,,132,,,,,,,,,,,,,,,,,0.34912219998659566,0.3470244000200182,0.34997420001309365,0.3479598999838345,0.34900159999961033,0.34867490001488477,0.34919210005318746,0.3483016000245698,0.3489975000265986,0.34951560001354665,0.34939830005168915,1.1010914000216872,
89,jamaican_sub002,21,Female,100,Jamaican Creole,2,Mi cat cover up inna white bread.,,23,,,,,,,,,,,,,,,,,0.34746800002176315,0.34786739997798577,0.34916350001003593,0.3481265000300482,0.34817730000941083,0.34908239997457713,1.1013341999496333,,,,,,
90,jamaican_sub002,21,Female,100,Jamaican Creole,2,Wah di review by di critic affect after di release?,,136,,,,,,,,,,,,,,,,,0.34858309995615855,0.3474934000405483,0.3488499000086449,0.3491241000010632,0.34961650002514943,0.3496178000350483,0.3493161000078544,0.34974670002702624,0.3491206999751739,1.101183399965521,,,
91,jamaican_sub002,21,Female,100,Jamaican Creole,2,Yessideh di brave heroine wield di sword inna di battle arena.,,72,,,,,,,,,,,,,,,,,0.3476531999767758,0.34860420000040904,0.34933579998323694,0.3487979000201449,0.34929390001343563,0.3491160999983549,0.35071959998458624,0.3479155999957584,0.3489877000101842,0.34740979998605326,1.1006752000539564,,
92,jamaican_sub002,21,Female,100,Jamaican Creole,2,A di film by di journalist offend di pastor after di sermon?,,132,,,,,,,,,,,,,,,,,0.3492407000157982,0.34943380003096536,0.35001090000150725,0.3493517999886535,0.3487309000338428,0.34987730003194883,0.3491939000086859,0.34922989999176934,0.34805680002318695,0.3486988000222482,0.34872700000414625,1.1008749000029638,
93,jamaican_sub002,21,Female,100,Jamaican Creole,2,"Wen mi did deh a di restaurant, di cook prepare di dinner.",,33,,,,,,,,,,,,,,,,,0.3448408999829553,0.34839020000072196,0.34871929994551465,0.34991240000817925,0.34941570000955835,0.3487953000003472,0.34905109996907413,0.34931540000252426,0.3494983999989927,0.34846860001562163,0.3473433000035584,1.0995959000429139,
94,jamaican_sub002,21,Female,100,Jamaican Creole,2,A dah food deh di hungry patient did nyam inna di recovery ward.,,68,,,,,,,,,,,,,,,,,0.349318900029175,0.3493364999885671,0.3492862000130117,0.3497960999957286,0.34953370003495365,0.3497225000173785,0.3486236000317149,0.34837869997136295,0.34755319997202605,0.34819920000154525,0.3489623999921605,0.3487316999817267,1.1007519999984652
95,jamaican_sub002,21,Female,100,Jamaican Creole,2,A who di experiment by di doctor decieve during di procedure?,Di experiment was by di mad scientist?,144,7.0,yellow,1,,,,,,,,,,,,,,0.348588099994231,0.3490956000168808,0.349820000003092,0.350035100011155,0.3496331999776885,0.3458227000082843,0.34917509998194873,0.34853850002400577,0.34776650002459064,0.3499819000135176,1.1004090000060387,,
96,jamaican_sub002,21,Female,100,Jamaican Creole,2,"Wen mi did deh a di site, di engineer notice di foreman.",,33,,,,,,,,,,,,,,,,,0.35059789998922497,0.349337000050582,0.3501675000297837,0.34868410002673045,0.35054229997331277,0.34814519999781623,0.3487853000406176,0.3488439000211656,0.3500573000055738,0.3494197999825701,0.3486297999625094,1.1006816999870352,
97,jamaican_sub002,21,Female,100,Jamaican Creole,2,"Dah swimmer deh, di talented coach did train him inna di African championship.",,66,,,,,,,,,,,,,,,,,0.3487115000025369,0.3501952000078745,0.34996900003170595,0.3481570999720134,0.34932280000066385,0.349693100026343,0.34908770001493394,0.34904719999758527,0.35010859998874366,0.34826419997261837,0.34920060000149533,0.349098100035917,1.101460500038229
98,jamaican_sub002,21,Female,100,Jamaican Creole,2,"Wen she did deh a di salon, di hairdresser prepare di customer.",,34,,,,,,,,,,,,,,,,,0.3494347999803722,0.3483773000189103,0.34965260000899434,0.34852759999921545,0.3487226999714039,0.3492660000338219,0.3491828999831341,0.34849270002450794,0.34949540003435686,0.34880059998249635,0.3487091999850236,1.1020878000417724,
99,jamaican_sub002,21,Female,100,Jamaican Creole,2,A dah surgeon deh di stubborn journalist did oppose inna di morning article.,,68,,,,,,,,,,,,,,,,,0.3486134000122547,0.3496049999957904,0.3496323000290431,0.3489918999839574,0.348835600016173,0.3502190000144765,0.34875110001303256,0.34838959999615327,0.3488553000497632,0.3495697000180371,0.3484240000252612,0.3487658000085503,1.099793099972885
100,jamaican_sub002,21,Female,100,Jamaican Creole,2,Di racing car dem get di checkered flag.,,8,,,,,,,,,,,,,,,,,0.34890849998919293,0.3492359000374563,0.347562899987679,0.34899420000147074,0.3493107999674976,0.3492311999434605,0.349804800003767,1.100763000024017,,,,,
101,jamaican_sub002,21,Female,100,Jamaican Creole,2,A expose di relentless blogger did expose di teacher inna di online post.,,65,,,,,,,,,,,,,,,,,0.3490237999940291,0.3492623999482021,0.34940330003155395,0.3490409999503754,0.3490853999974206,0.3468085000058636,0.3485508000012487,0.3477802000124939,0.34908929996890947,0.3486728999996558,0.34863269998459145,0.34841390000656247,1.1007874000351876
102,jamaican_sub002,21,Female,100,Jamaican Creole,2,break,,,,,,,,,,,,,,,,,,,,,,,,,,,,,,,
103,jamaican_sub002,21,Female,100,Jamaican Creole,2,"Dah student deh, di strict teacha did scold har inna di morning assembly.",,66,,,,,,,,,,,,,,,,,0.34959719999460503,0.34873219998553395,0.34829709999030456,0.3497667000046931,0.3495542000164278,0.34809270000550896,0.34865559998434037,0.3494385000085458,0.3492367000435479,0.3496608000132255,0.3490624999976717,0.3495302000083029,1.1000244000460953
104,jamaican_sub002,21,Female,100,Jamaican Creole,2,Karen wake up afta one bad dream.,Karen wake up after her alarm?,7,7.0,yellow,1,,,,,,,,,,,,,,0.34952359995804727,0.3485073000192642,0.3490934000001289,0.34694040002068505,0.34805660002166405,0.3488920000381768,1.1012249999912456,,,,,,
105,jamaican_sub002,21,Female,100,Jamaican Creole,2,A wah di presentation by di architects facilitate during di negotiation?,,144,,,,,,,,,,,,,,,,,0.3486978000146337,0.3498142999596894,0.3506072000018321,0.3496443000040017,0.3494197999825701,0.34866290003992617,0.34848350001266226,0.34984680003253743,0.34924069995759055,0.34845600003609434,1.1005207999842241,,
106,jamaican_sub002,21,Female,100,Jamaican Creole,2,A want di new manager did want di suggestions inna di meeting yesterday.,,65,,,,,,,,,,,,,,,,,0.34929569996893406,0.3492320000077598,0.34835210000164807,0.34933040000032634,0.3488459999789484,0.35002509999321774,0.3491424000239931,0.3484641000395641,0.34940399997867644,0.3493124999804422,0.3470880999811925,0.3496242000255734,1.1013726000091992
107,jamaican_sub002,21,Female,100,Jamaican Creole,2,Di attendant full up di car wid tea.,,24,,,,,,,,,,,,,,,,,0.3486156999715604,0.3490847999928519,0.34738449996802956,0.3477331000030972,0.3487862999900244,0.3477368999738246,0.34923600003821775,1.1024335999973118,,,,,
108,jamaican_sub002,21,Female,100,Jamaican Creole,2,Who di guest a di speaker insult during di ceremony?,,136,,,,,,,,,,,,,,,,,0.34924519999185577,0.3486290999571793,0.34963729995070025,0.3495555000263266,0.3492728999699466,0.3489378999802284,0.3483127999934368,0.34839579998515546,0.349532000022009,1.1015838999883272,,,
109,jamaican_sub002,21,Female,100,Jamaican Creole,2,Yessideh di diligent student study di subject pan di break period.,,72,,,,,,,,,,,,,,,,,0.34852100000716746,0.3492271000286564,0.34890230000019073,0.3488954000058584,0.34952779999002814,0.34914569999091327,0.34995750000234693,0.34858180000446737,0.3496606000117026,0.34925379999913275,1.1005308000021614,,
110,jamaican_sub002,21,Female,100,Jamaican Creole,2,A di exhibition by di sculptures excite di curator during di opening?,,132,,,,,,,,,,,,,,,,,0.3498931999783963,0.34878840000601485,0.34909289999632165,0.3488237999845296,0.3491099000093527,0.3484074000152759,0.34904760000063106,0.34985719999531284,0.348500200023409,0.3487948999973014,0.3475398999871686,1.1000981000252068,
111,jamaican_sub002,21,Female,100,Jamaican Creole,2,"Wen she did deh a di place, di actress sign di t-shirt.",,34,,,,,,,,,,,,,,,,,0.34849750000284985,0.3500058999634348,0.34955189999891445,0.34891679999418557,0.3486316000344232,0.3496552999713458,0.34875930001726374,0.34753359999740496,0.3494188000331633,0.34816669998690486,0.34813419997226447,1.1010319999768399,
112,jamaican_sub002,21,Female,100,Jamaican Creole,2,Di bwoy dem help Jane wax har car.,,8,,,,,,,,,,,,,,,,,0.34820599999511614,0.34876090002944693,0.3493097000173293,0.3511810000054538,0.3489232999854721,0.34810929995728657,0.34935229999246076,1.1004850000026636,,,,,
113,jamaican_sub002,21,Female,100,Jamaican Creole,2,A who di email bout di fundraiser surprise after di announcement?,Di email was bout a fundraiser?,144,9.0,red,1,,,,,,,,,,,,,,0.34848750004312024,0.34887119999621063,0.34833760000765324,0.3482557000243105,0.3490808999631554,0.3481006000074558,0.34859660000074655,0.3490598000353202,0.3473276000004262,0.3482206999906339,1.100737400003709,,
114,jamaican_sub002,21,Female,100,Jamaican Creole,2,Yessideh di French director present di film inna di Arab community.,,72,,,,,,,,,,,,,,,,,0.3500686999759637,0.34940450004069135,0.34882710000965744,0.34791449998738244,0.34709830000065267,0.3491275000269525,0.3494880000362173,0.34900590003235266,0.34846479998668656,0.34941139997681603,1.100475799990818,,
115,jamaican_sub002,21,Female,100,Jamaican Creole,2,Wen him did deh a di shop di salesman assist di customers.,,34,,,,,,,,,,,,,,,,,0.3488575000083074,0.3486541999736801,0.3494034000323154,0.3494442999945022,0.3479747999808751,0.34880179999163374,0.3487639000522904,0.34962680004537106,0.34872040001209825,0.3495705999666825,0.3483492999803275,1.1014086999930441,
116,jamaican_sub002,21,Female,100,Jamaican Creole,2,A dah fan deh di known poet did meet inna di literature festival.,,68,,,,,,,,,,,,,,,,,0.3487613000324927,0.3487309000338428,0.34849689999828115,0.34867219999432564,0.3482868999708444,0.3485870999866165,0.3484485999797471,0.3485245000338182,0.3490126000251621,0.34841779997805133,0.3489821999683045,0.3486634999862872,1.0999037000001408
117,jamaican_sub002,21,Female,100,Jamaican Creole,2,"Wen mi did deh a di park, di nanny tek di pickney.",,33,,,,,,,,,,,,,,,,,0.34672989998944104,0.3493439999874681,0.3494831999996677,0.3486245999811217,0.34899719996610656,0.3484378000139259,0.3484766000183299,0.34944849996827543,0.3503509999718517,0.3491935000056401,0.34773699997458607,1.1001890000188723,
118,jamaican_sub002,21,Female,100,Jamaican Creole,2,Jack order one hamburger an french paper.,,23,,,,,,,,,,,,,,,,,0.34871220000786707,0.34915989998262376,0.34829330001957715,0.34856210002908483,0.3485950999893248,0.34823949995916337,1.100107099977322,,,,,,
119,jamaican_sub002,21,Female,100,Jamaican Creole,2,A dah statement deh di political announcer did criticize inna di last interview.,,68,,,,,,,,,,,,,,,,,0.3486558999866247,0.34934319998137653,0.34884580003563315,0.3461424999986775,0.34836330002872273,0.3495013000210747,0.34950960002606735,0.3489932999946177,0.3502870000083931,0.34878409997327253,0.3487153999740258,0.3493542000069283,1.1003566999570467
120,jamaican_sub002,21,Female,100,Jamaican Creole,2,A di poll bout di debate uncover di winner during di campaign?,,132,,,,,,,,,,,,,,,,,0.350046299980022,0.34969860001001507,0.34986919997027144,0.3482382000074722,0.3482437999919057,0.3476836999761872,0.3494829999981448,0.3484619000228122,0.34880139998858795,0.3494061999954283,0.3493627999559976,1.1017165000084788,
121,jamaican_sub002,21,Female,100,Jamaican Creole,2,A cook di popular chef did cook di shrimp inna di live show.,Di chef cook fish inna di live show?,65,7.0,yellow,1,,,,,,,,,,,,,,0.3485783000360243,0.3469187999726273,0.3490720000118017,0.3500876000034623,0.3492133999825455,0.34974169998895377,0.34900790004758164,0.34918499999912456,0.35033230000408366,0.34619790001306683,0.34759240003768355,0.3490804999601096,1.1013467999873683
122,jamaican_sub002,21,Female,100,Jamaican Creole,2,"Wen mi did deh a di restaurant, di chef feed di waiter.",,33,,,,,,,,,,,,,,,,,0.34831840003607795,0.3494050999870524,0.3492289999849163,0.34930980001809075,0.3488517999649048,0.3494405000237748,0.34984850004548207,0.34946910000871867,0.34833860001526773,0.34952980000525713,0.34952380001777783,1.101035800005775,
123,jamaican_sub002,21,Female,100,Jamaican Creole,2,Wah di recipe by di farmer require before di preparation?,,136,,,,,,,,,,,,,,,,,0.3488447000272572,0.3483307999558747,0.3493262999691069,0.3484736999962479,0.3482308999518864,0.34914890001527965,0.3495322000235319,0.3493307000026107,0.34862350003095344,1.100640199962072,,,
124,jamaican_sub002,21,Female,100,Jamaican Creole,2,"Dah film deh, di famous director did discuss it inna di studio office.",Di director discuss di play?,66,7.0,red,0,,,,,,,,,,,,,,0.34961590002058074,0.34886299999197945,0.34900590003235266,0.34936809999635443,0.3494316000142135,0.3478585000266321,0.3486282000085339,0.3497380000189878,0.34490060003008693,0.34906150004826486,0.3487506000092253,0.3462452000239864,1.1004938000114635
125,jamaican_sub002,21,Female,100,Jamaican Creole,2,break,,,,,,,,,,,,,,,,,,,,,,,,,,,,,,,
126,jamaican_sub002,21,Female,100,Jamaican Creole,2,Yessideh di smart student solve di exam inna di exam hall.,,72,,,,,,,,,,,,,,,,,0.34935909998603165,0.3486335000488907,0.34918620000826195,0.34849449998000637,0.3496434999979101,0.3474821000127122,0.34737670002505183,0.34948090004036203,0.3493142999941483,0.34935249999398366,1.1012929999851622,,
127,jamaican_sub002,21,Female,100,Jamaican Creole,2,Wah di protest gainst di government interrupt during di session?,,136,,,,,,,,,,,,,,,,,0.34889229998225346,0.349446700012777,0.34696890000486746,0.3487879000022076,0.348592100024689,0.34916549996705726,0.34916909999446943,0.34869489999255165,0.3490142999798991,1.0994976999936625,,,
128,jamaican_sub002,21,Female,100,Jamaican Creole,2,Dem heat di pool wid solar pepper.,,23,,,,,,,,,,,,,,,,,0.3487671000184491,0.3492821999825537,0.34730989998206496,0.3491391999996267,0.34991459996672347,0.34925850003492087,1.1011040000012144,,,,,,
129,jamaican_sub002,21,Female,100,Jamaican Creole,2,A hear di fearful adventurer did hear di sound inna di haunted house.,,65,,,,,,,,,,,,,,,,,0.34967750002397224,0.3481394999544136,0.34748410002794117,0.3491727000218816,0.349239100003615,0.34938739996869117,0.34907430002931505,0.3488477999926545,0.3487967000110075,0.34876470000017434,0.3486780999810435,0.3488224999746308,1.1012907000258565
130,jamaican_sub002,21,Female,100,Jamaican Creole,2,Who di feedback bout di sale upset after di meeting?,,136,,,,,,,,,,,,,,,,,0.3498873999924399,0.3483966999920085,0.3492513000383042,0.3479020000086166,0.3488970000180416,0.349616400024388,0.34919750003609806,0.34887909999815747,0.3487569999997504,1.1007752000004984,,,
131,jamaican_sub002,21,Female,100,Jamaican Creole,2,Mi like hot fudge wid lungs.,,22,,,,,,,,,,,,,,,,,0.34877029998460785,0.34927050000987947,0.3490650999592617,0.34953870001481846,0.34971759998006746,1.1011175999883562,,,,,,,
132,jamaican_sub002,21,Female,100,Jamaican Creole,2,A dah shake deh di disciplined athlete did drink before di football game.,,68,,,,,,,,,,,,,,,,,0.3491615999955684,0.34858640003949404,0.34990049997577444,0.3500382999773137,0.3480373999918811,0.3497097999788821,0.3490497999591753,0.349763999984134,0.34843980002915487,0.3493386000045575,0.3491996999946423,0.34926859999541193,1.1010398999787867
133,jamaican_sub002,21,Female,100,Jamaican Creole,2,A wah di poem by di singer win after di reading?,,144,,,,,,,,,,,,,,,,,0.34849870001198724,0.3497776999720372,0.3492231999989599,0.3490215999772772,0.34842829999979585,0.34859499998856336,0.3487855999846943,0.3488842999795452,0.34809550002682954,0.3481290999916382,1.1005612000008114,,
134,jamaican_sub002,21,Female,100,Jamaican Creole,2,A dah equipment deh di bribed referee did change inna di world championship.,,68,,,,,,,,,,,,,,,,,0.3488820000202395,0.34880380000686273,0.3496718999813311,0.3485107999877073,0.3484564999816939,0.346309199987445,0.3489805000135675,0.3490517999744043,0.3493059000466019,0.34776269999565557,0.3487719999975525,0.3502215999760665,1.1007736999890767
135,jamaican_sub002,21,Female,100,Jamaican Creole,2,A di performance by di pitney receive di applause during di festival?,,132,,,,,,,,,,,,,,,,,0.34913579997373745,0.3494141999981366,0.34943780000321567,0.3496889999951236,0.3489466000464745,0.34777729999041185,0.34929290000582114,0.3475412999978289,0.3494192000362091,0.34906759997829795,0.3488844999810681,1.1008429999928921,
136,jamaican_sub002,21,Female,100,Jamaican Creole,2,Mi order one ham and cheese sandwich.,Yuh order one ham and cheese sandwhich?,7,9.0,red,1,,,,,,,,,,,,,,0.349857900000643,0.3581838000100106,0.3473658000002615,0.34943249996285886,0.3501320999930613,0.34829510003328323,1.1020726999850012,,,,,,
137,jamaican_sub002,21,Female,100,Jamaican Creole,2,Yessideh di old woman leff di son inna di clinic hallway.,,72,,,,,,,,,,,,,,,,,0.3494377000024542,0.34901589999208227,0.34868950000964105,0.34829890000401065,0.34897609998006374,0.3483011999633163,0.34873979998519644,0.3489854999934323,0.3486307999701239,0.3488783999928273,1.099842499999795,,
138,jamaican_sub002,21,Female,100,Jamaican Creole,2,A di excuse bout di grade annoy di student during di lecture?,,132,,,,,,,,,,,,,,,,,0.3491107000154443,0.3491848999983631,0.34884429996600375,0.34787940001115203,0.3487719999975525,0.34943840000778437,0.34754360001534224,0.34875410003587604,0.3483900999999605,0.3489318999927491,0.34695810003904626,1.1015313000534661,
139,jamaican_sub002,21,Female,100,Jamaican Creole,2,"Wen she did deh a di meeting, di secretary organize di files.",,34,,,,,,,,,,,,,,,,,0.3482087000156753,0.3485342000494711,0.34837989998050034,0.3494889000430703,0.34953290002886206,0.3492050999775529,0.3493404000182636,0.3472577999928035,0.348989799967967,0.3490773999947123,0.34870809997664765,1.1012041000067256,
140,jamaican_sub002,21,Female,100,Jamaican Creole,2,"Dah singer deh, di event organizer did book him fi di music festival.",,66,,,,,,,,,,,,,,,,,0.3481943999649957,0.34775839996291324,0.34931760001927614,0.3497858000337146,0.34992120001697913,0.3482458000071347,0.3499112999998033,0.34830909996526316,0.3489669000264257,0.3482407000265084,0.3492206000373699,0.3492524000466801,1.1003552000038326
141,jamaican_sub002,21,Female,100,Jamaican Creole,2,A who di discovery of di ruins astound during di tour?,Di discovery was bout a shipwreck?,144,7.0,yellow,1,,,,,,,,,,,,,,0.3486413999926299,0.34953870001481846,0.34916909999446943,0.3502580000204034,0.35030790005112067,0.349160399986431,0.3503004999947734,0.3491512999753468,0.3487434000126086,0.34984779998194426,1.1008572000428103,,
142,jamaican_sub002,21,Female,100,Jamaican Creole,2,"Wen mi did deh a di port, di sailor prepare di boat.",,33,,,,,,,,,,,,,,,,,0.34976060001645237,0.3498532999656163,0.3500151999760419,0.3495532000088133,0.3494244000175968,0.34922370000276715,0.349010800011456,0.34919919999083504,0.3486282000085339,0.3483430000487715,0.34950860001845285,1.1011343999998644,
143,jamaican_sub002,21,Female,100,Jamaican Creole,2,"Before him exercise, Jack always stretch him muscles.",,8,,,,,,,,,,,,,,,,,0.3487425000057556,0.34966870001517236,0.3481210999889299,0.3481407000217587,0.3482357000466436,0.349142600025516,0.34928070002933964,1.100952500011772,,,,,
144,jamaican_sub002,21,Female,100,Jamaican Creole,2,A admire di junior employee did admire di executive from di company workshop.,Di junior employee did hate di executive?,65,7.0,yellow,1,,,,,,,,,,,,,,0.3488785999943502,0.34863880003103986,0.34963369998149574,0.3482052000472322,0.34886399999959394,0.34761579998303205,0.3490381999872625,0.3479183000163175,0.3494090000167489,0.3481220999965444,0.35025819996371865,0.3490472999983467,1.101215599977877
145,jamaican_sub002,21,Female,100,Jamaican Creole,2,"Wen him did deh a di prison, di guard fight di inmates.",,34,,,,,,,,,,,,,,,,,0.34941670001717284,0.348726500000339,0.3496846000198275,0.34817280003335327,0.3479028000147082,0.3494816000456922,0.34931200003484264,0.3485422000521794,0.3491140999831259,0.3490633000037633,0.3495229000109248,1.0998611999675632,
146,jamaican_sub002,21,Female,100,Jamaican Creole,2,"Dah exam deh, di hardworking student did complete it inna di library hall.",Di student complete di exam?,66,9.0,red,1,,,,,,,,,,,,,,0.34824709995882586,0.34903949999716133,0.3495913000078872,0.3466842999914661,0.348011200025212,0.34946930001024157,0.3492135999840684,0.34688500000629574,0.3494494999758899,0.34851029998390004,0.3482912000035867,0.3504562999587506,1.100638900010381
147,jamaican_sub002,21,Female,100,Jamaican Creole,2,"Wen mi did deh a di meeting, di secretary write di notes.",,33,,,,,,,,,,,,,,,,,0.34938460000557825,0.34919599996646866,0.34727279999060556,0.34761679999064654,0.34882099996320903,0.3491404000087641,0.34897960000671446,0.34882050001760945,0.34936829999787733,0.3491855000029318,0.3489545999909751,1.1000586999580264,
148,jamaican_sub002,21,Female,100,Jamaican Creole,2,break,,,,,,,,,,,,,,,,,,,,,,,,,,,,,,,
149,jamaican_sub002,21,Female,100,Jamaican Creole,2,Yessideh di high schooler win di scholarship inna di robotics contest.,,72,,,,,,,,,,,,,,,,,0.3482683000038378,0.34906479995697737,0.3494477000203915,0.3491105000139214,0.3497559999814257,0.34942210000008345,0.34929209999972954,0.34899179998319596,0.34900010004639626,0.3491374000441283,1.1012191000045277,,
150,jamaican_sub002,21,Female,100,Jamaican Creole,2,Dem picnic get ruin by di rain.,,7,,,,,,,,,,,,,,,,,0.34920490003423765,0.34938930004136637,0.34973610000452027,0.34852120000869036,0.3493272999767214,0.34970560000510886,1.101090599957388,,,,,,
151,jamaican_sub002,21,Female,100,Jamaican Creole,2,A wah di pamphlet bout di disease suggest before di launch?,Was di pamphlet bout di disease?,144,9.0,red,1,,,,,,,,,,,,,,0.3495206999941729,0.34929809998720884,0.34857149998424575,0.34933399996953085,0.3490557000041008,0.3485575999948196,0.34926340001402423,0.3488482999964617,0.34916969999903813,0.34944709995761514,1.1008922000182793,,
152,jamaican_sub002,21,Female,100,Jamaican Creole,2,"Dah employee deh, di strict boss did fire him inna di work meeting.",,66,,,,,,,,,,,,,,,,,0.34904679999453947,0.35016979998908937,0.3487019999884069,0.3483468000194989,0.349563300027512,0.34867619996657595,0.3488413000013679,0.3484588999999687,0.3488680000300519,0.34894310001982376,0.34910960000706837,0.34903009998379275,1.1010655999998562
153,jamaican_sub002,21,Female,100,Jamaican Creole,2,Mi add mi name to di list.,,7,,,,,,,,,,,,,,,,,0.3494061999954283,0.3486364000127651,0.3491014000028372,0.34984300000360236,0.35009580000769347,0.3479479000088759,1.1006609000032768,,,,,,
154,jamaican_sub002,21,Female,100,Jamaican Creole,2,"Wen mi did deh a di office, di accountant review di accounts.",,33,,,,,,,,,,,,,,,,,0.349987699999474,0.34902109997347,0.3492650999687612,0.34857540001394227,0.34806750004645437,0.3487414999981411,0.3493126999819651,0.3497665000031702,0.3486547999782488,0.3494539000093937,0.34892120002768934,1.1001020999974571,
155,jamaican_sub002,21,Female,100,Jamaican Creole,2,A who di decision bout di regulations dissatisfy after di vote?,,144,,,,,,,,,,,,,,,,,0.34865880000870675,0.3493882999755442,0.34912079997593537,0.3489358999649994,0.34914649999700487,0.3474387999740429,0.35048729996196926,0.35002200002782047,0.34967179998056963,0.3496483000344597,1.1004950000206009,,
156,jamaican_sub002,21,Female,100,Jamaican Creole,2,A dah email deh di lead manager did delete from di company phone.,Di liad man delete di contract?,68,7.0,yellow,1,,,,,,,,,,,,,,0.34999199997400865,0.34989509999286383,0.34979579999344423,0.34882710000965744,0.34945899999001995,0.3491502999677323,0.3471092999679968,0.3497675000107847,0.34902599995257333,0.3484893999993801,0.3481082000071183,0.34983029996510595,1.1007713000290096
157,jamaican_sub002,21,Female,100,Jamaican Creole,2,Di winter did very harsh dis water.,,23,,,,,,,,,,,,,,,,,0.3493390000076033,0.3495136999990791,0.34917369997128844,0.34895590000087395,0.3489422000129707,0.349227000027895,1.101661199994851,,,,,,
158,jamaican_sub002,21,Female,100,Jamaican Creole,2,"Wen she did deh a di mall, di madda buy di dress.",,34,,,,,,,,,,,,,,,,,0.34850889997323975,0.34891180001432076,0.3497542000259273,0.34784649999346584,0.34923369996249676,0.34907789999851957,0.34914690000005066,0.34898439998505637,0.3497131000040099,0.3482200999860652,0.34892370004672557,1.1017403000150807,
159,jamaican_sub002,21,Female,100,Jamaican Creole,2,Who di experiment bout di bacteria intrigue after di results?,,136,,,,,,,,,,,,,,,,,0.3488641000003554,0.34903660003328696,0.34916769998380914,0.34970520000206307,0.3487392999813892,0.3479271000251174,0.3484946000389755,0.34834990004310384,0.3489599999738857,1.1011851000366732,,,
160,jamaican_sub002,21,Female,100,Jamaican Creole,2,Yessideh di annoying client scold di employee pon di work phone.,,72,,,,,,,,,,,,,,,,,0.34857709996867925,0.34841790003702044,0.3491789000108838,0.34975569997914135,0.34872820001328364,0.34909629996400326,0.34702839999226853,0.34928309998940676,0.34855290001723915,0.34816150000551715,1.1011178000480868,,
161,jamaican_sub002,21,Female,100,Jamaican Creole,2,"Wen him did deh a di office, di manager organize di meetings.",Di receptionist organize di meetings?,34,7.0,yellow,1,,,,,,,,,,,,,,0.34900639997795224,0.349239100003615,0.3486991000245325,0.3485971000045538,0.3485439000069164,0.34910340001806617,0.349905300012324,0.34845480002695695,0.34865360002731904,0.3491888999706134,0.3499001999734901,1.1010895000072196,
162,jamaican_sub002,21,Female,100,Jamaican Creole,2,A di objection by di attorney delay di trial before di decision?,,132,,,,,,,,,,,,,,,,,0.34878109995042905,0.3492382999975234,0.3481887000380084,0.3468097999575548,0.3493169999564998,0.34913280000910163,0.3483177000307478,0.34930180001538247,0.3482792999711819,0.34871629998087883,0.34874270000727847,1.1010211000102572,
163,jamaican_sub002,21,Female,100,Jamaican Creole,2,A learn di curious student did learn di equation at di math conference.,Di student learn di equation?,65,9.0,red,1,,,,,,,,,,,,,,0.34861699998145923,0.349165300023742,0.3478709000046365,0.34963229997083545,0.3485270999954082,0.34876800002530217,0.3479957000236027,0.34883640002226457,0.3498276000027545,0.3478742000297643,0.34797980001894757,0.349618999985978,1.1008914000121877
164,jamaican_sub002,21,Female,100,Jamaican Creole,2,George write one chapter inna di drink.,,23,,,,,,,,,,,,,,,,,0.3485817000037059,0.3486100999871269,0.34879620000720024,0.3489041000138968,0.3490311999921687,0.3484934000298381,1.100476499996148,,,,,,
165,jamaican_sub002,21,Female,100,Jamaican Creole,2,A dah rumor deh di talkative woman did start inna di family gathering.,,68,,,,,,,,,,,,,,,,,0.348223400011193,0.3482959999819286,0.3481169000151567,0.348956800007727,0.3484140999498777,0.34930800000438467,0.3494503000401892,0.34901870001340285,0.3491586000309326,0.3496554999728687,0.3491757999872789,0.3495925000170246,1.1005841000005603
166,jamaican_sub002,21,Female,100,Jamaican Creole,2,Wah di presentation bout di climate predict before di drought?,,136,,,,,,,,,,,,,,,,,0.3491084999986924,0.34866299998247996,0.34836549998726696,0.3488102999981493,0.3478692999924533,0.34926220000488684,0.34812460001558065,0.34769259998574853,0.3473592000082135,1.1012034000013955,,,
167,jamaican_sub002,21,Female,100,Jamaican Creole,2,"Dah scene deh, di professional photographer did capture it inna di mountain side.",,66,,,,,,,,,,,,,,,,,0.3487254000501707,0.34849170001689345,0.3496597000048496,0.34762210003100336,0.3477448000339791,0.3498977000126615,0.34815350000280887,0.3468372999923304,0.34829009999521077,0.34654020000016317,0.3485690000234172,0.34923960000742227,1.100899200013373
168,jamaican_sub002,21,Female,100,Jamaican Creole,2,A di drawing a di king please di collector during di exhibition?,,132,,,,,,,,,,,,,,,,,0.3479096000082791,0.3486706999829039,0.34826060000341386,0.3487735000089742,0.3492592999828048,0.34929580002790317,0.3484996000188403,0.3485881000524387,0.3490884000202641,0.34759840002516285,0.34922769997501746,1.1012767999782227,
169,jamaican_sub002,21,Female,100,Jamaican Creole,2,A contact di seasoned reporter did contact di servant inna di palace residence.,,65,,,,,,,,,,,,,,,,,0.3493635000195354,0.3478134999750182,0.34856440004659817,0.3480960999731906,0.35003029997460544,0.3490344000165351,0.34873440000228584,0.34868330002063885,0.34956220001913607,0.348612499947194,0.34785389999160543,0.3491366999805905,1.1011744000134058
170,jamaican_sub002,21,Female,100,Jamaican Creole,2,"Wen mi did deh a di kitchen, di waitress prep di food.",,33,,,,,,,,,,,,,,,,,0.34840830002212897,0.3487050000112504,0.3484136000042781,0.3486226000241004,0.3485808999976143,0.3494594999938272,0.3471931999665685,0.348494199977722,0.3485615999670699,0.3489803000120446,0.34874310001032427,1.1013443999690935,
171,jamaican_sub002,21,Female,100,Jamaican Creole,2,break,,,,,,,,,,,,,,,,,,,,,,,,,,,,,,,
172,jamaican_sub002,21,Female,100,Jamaican Creole,2,"Dah recruiter deh, di fresh graduate did email him bout di job offer.",,66,,,,,,,,,,,,,,,,,0.3491709000081755,0.3496415999834426,0.34920439997222275,0.34957640001084656,0.3491695999982767,0.3497427999973297,0.3473480999819003,0.3478166999993846,0.3493974999873899,0.34837740001967177,0.34861219994490966,0.3498343999963254,1.1009196999948472
173,jamaican_sub002,21,Female,100,Jamaican Creole,2,Abby brush har teeth afta every meal.,,7,,,,,,,,,,,,,,,,,0.3493177000200376,0.34921409998787567,0.3487734000082128,0.3491994999931194,0.34942350001074374,0.3493438000441529,1.1013083000434563,,,,,,
174,jamaican_sub002,21,Female,100,Jamaican Creole,2,Wah di picture of di couple accompany before di wedding?,,136,,,,,,,,,,,,,,,,,0.349480000033509,0.3485369000118226,0.3486914999666624,0.34964319999562576,0.3502638000063598,0.34941190003883094,0.3494048000429757,0.34956129995407537,0.3487330000498332,1.1009033999871463,,,
175,jamaican_sub002,21,Female,100,Jamaican Creole,2,Yessideh di skilled vet treat di dog inna di clinic room.,,72,,,,,,,,,,,,,,,,,0.3494104000274092,0.34838149999268353,0.34931749996030703,0.3464195999549702,0.34825460001593456,0.34901179996086285,0.34933939995244145,0.34911269997246563,0.3488355000154115,0.34935459995176643,1.0996646999847144,,
176,jamaican_sub002,21,Female,100,Jamaican Creole,2,Di sprinter run di last quarter mile.,,7,,,,,,,,,,,,,,,,,0.34793790004914626,0.34829829999944195,0.34854899998754263,0.3483142000040971,0.3482296000001952,0.3482443999964744,1.0996724999858998,,,,,,
177,jamaican_sub002,21,Female,100,Jamaican Creole,2,Who di excuse by di student frustrate before di test?,,136,,,,,,,,,,,,,,,,,0.3485490999883041,0.34931089996825904,0.34908050001831725,0.3480844000005163,0.3487412999966182,0.34903250000206754,0.34863449999829754,0.348857999953907,0.34864049998577684,1.10147059999872,,,
178,jamaican_sub002,21,Female,100,Jamaican Creole,2,A embroider di skilled tailor did embroider di dress pon di wedding day.,Di tailer mek a pants?,65,7.0,yellow,1,,,,,,,,,,,,,,0.3484826000058092,0.3482413000310771,0.3494050999870524,0.3487713999929838,0.34687479998683557,0.34901730000274256,0.348202700028196,0.34859049995429814,0.3480645000236109,0.34884700004477054,0.34935960004804656,0.34924900002079085,1.100937699957285
179,jamaican_sub002,21,Female,100,Jamaican Creole,2,"Wen she did deh a di house, di midwife help di madda.",,34,,,,,,,,,,,,,,,,,0.34888870001304895,0.34873770002741367,0.3482635000254959,0.348603299993556,0.3495575000415556,0.349206899991259,0.34743930003605783,0.3482226000051014,0.3488750999676995,0.3481683999998495,0.34827620000578463,1.1000333999982104,
180,jamaican_sub002,21,Female,100,Jamaican Creole,2,A rob di jailed thief did rob di resident inna di housing compound.,,65,,,,,,,,,,,,,,,,,0.3485097999800928,0.3480013000080362,0.3495202999911271,0.3492073999950662,0.3485318999737501,0.3492551000090316,0.3492948000202887,0.3492736999760382,0.34891280002193525,0.3492271999712102,0.34961869998369366,0.3492330000153743,1.101337699976284
181,jamaican_sub002,21,Female,100,Jamaican Creole,2,Di pig dem wallow inna di drawer.,,23,,,,,,,,,,,,,,,,,0.34966210002312437,0.34822849999181926,0.34979970002314076,0.34885860001668334,0.3497539999661967,0.3480786000145599,1.0999503000057302,,,,,,
182,jamaican_sub002,21,Female,100,Jamaican Creole,2,A who di complaint by di worker criticize during di review?,,144,,,,,,,,,,,,,,,,,0.3492153999977745,0.3488066999707371,0.34876510000322014,0.34940459998324513,0.34923769999295473,0.3490907999803312,0.3486830000183545,0.34825420001288876,0.3487421000027098,0.34962629998335615,1.100527900038287,,
183,jamaican_sub002,21,Female,100,Jamaican Creole,2,"Dah docta deh, di sick person did see him inna di hospital. lobby.",,66,,,,,,,,,,,,,,,,,0.34945500001776963,0.3484019000316039,0.34930370002985,0.34821939998073503,0.3495280999923125,0.34974309999961406,0.3494514000485651,0.34907419997034594,0.348779599997215,0.3488327000522986,0.34898020001128316,0.3498496999964118,1.1009383999626152
184,jamaican_sub002,21,Female,100,Jamaican Creole,2,Di bathroom faucet spring one library.,,22,,,,,,,,,,,,,,,,,0.3501329999999143,0.34878940001362935,0.3492407000157982,0.35025319998385385,0.3482324999640696,1.1011671000160277,,,,,,,
185,jamaican_sub002,21,Female,100,Jamaican Creole,2,A dah disaster deh di negligent chef did cause inna di restaurant failure.,Di chef cause di disaster?,68,9.0,red,1,,,,,,,,,,,,,,0.3489197999588214,0.34974430000875145,0.34937129996251315,0.3500740000163205,0.3482324999640696,0.3496974000008777,0.3492184999631718,0.34949700004654005,0.3496286000008695,0.34957160003250465,0.3492441000416875,0.34951000002911314,1.100921000004746
186,jamaican_sub002,21,Female,100,Jamaican Creole,2,"Wen mi did deh a di market, di tailor haggle di seller.",,33,,,,,,,,,,,,,,,,,0.34908369998447597,0.3498762000235729,0.35000639996724203,0.3483610000112094,0.34894399996846914,0.34821339999325573,0.3493697000085376,0.34875469998223707,0.34864109999034554,0.346825800021179,0.34923669998534024,1.1014649999560788,
187,jamaican_sub002,21,Female,100,Jamaican Creole,2,A di compliment bout di food please di chef after di meal?,,132,,,,,,,,,,,,,,,,,0.34994129999540746,0.3493560000206344,0.34952779999002814,0.34859550005057827,0.34870900004170835,0.34967110003344715,0.3497790999826975,0.34854039998026565,0.34930589998839423,0.34963200002675876,0.3491101000108756,1.101179499994032,
188,jamaican_sub002,21,Female,100,Jamaican Creole,2,"Wen him did deh a di museum, di artist criticise di painting.",Di artist criticize the painting?,34,9.0,red,1,,,,,,,,,,,,,,0.3490769999916665,0.3491632000077516,0.3489141000318341,0.3487300999695435,0.34868390002520755,0.3480404000147246,0.349424000014551,0.34923009999329224,0.3472499999916181,0.34946419997140765,0.3498789999866858,1.1006782000185922,
189,jamaican_sub002,21,Female,100,Jamaican Creole,2,A wah di objection gainst di war start during di session?,Was di objection gainst di protest?,144,7.0,yellow,1,,,,,,,,,,,,,,0.3492136999848299,0.3484503999934532,0.348487599985674,0.3492446999880485,0.34961289999773726,0.34882949996972457,0.34832580003421754,0.34870700002647936,0.34941470000194386,0.3499155000317842,1.101159399957396,,
190,jamaican_sub002,21,Female,100,Jamaican Creole,2,Yessideh di bold lawyer present di report inna di court session.,,72,,,,,,,,,,,,,,,,,0.34911400004057214,0.3476121000130661,0.3505948999663815,0.34866740001598373,0.34875589999137446,0.3486856000381522,0.34879439999349415,0.3470888000447303,0.34818149998318404,0.3491941999527626,1.1008811999927275,,
191,jamaican_sub002,21,Female,100,Jamaican Creole,2,"Wen mi did deh a di house, di housekeeper see di thief.",,33,,,,,,,,,,,,,,,,,0.3491264999611303,0.3484351999941282,0.3486505000037141,0.3489807999576442,0.3478665999718942,0.34840540000004694,0.34887099999468774,0.3485561999841593,0.34843790001468733,0.34880750003503636,0.349497799994424,1.1004248999524862,
192,jamaican_sub002,21,Female,100,Jamaican Creole,2,A dah program deh di expert technician did install pon di lab computer.,,68,,,,,,,,,,,,,,,,,0.34909510001307353,0.34945320000406355,0.34866379998857155,0.3487131000147201,0.34833479998633265,0.34888239996507764,0.34855729999253526,0.3474854999803938,0.3490738000255078,0.34933999995701015,0.3485823000082746,0.34839200001442805,1.1002541999914683
193,jamaican_sub002,21,Female,100,Jamaican Creole,2,A di meeting wid di donors delay di fundraiser before di deadline?,,132,,,,,,,,,,,,,,,,,0.3488867999985814,0.34866399999009445,0.34887799998978153,0.34872499998891726,0.3467325000092387,0.350255900004413,0.34867179999127984,0.3487184999976307,0.3499037000001408,0.3489566000062041,0.3488890000153333,1.1024708999902941,
194,jamaican_sub002,21,Female,100,Jamaican Creole,2,break,,,,,,,,,,,,,,,,,,,,,,,,,,,,,,,
195,jamaican_sub002,21,Female,100,Jamaican Creole,2,A prepare di professional chef did prepare di dinner inna di restaurant kitchen.,Di chef mek dinner?,65,9.0,red,1,,,,,,,,,,,,,,0.3497833999572322,0.34961670002667233,0.34833129995968193,0.3486138000153005,0.34773919999133795,0.3483498999848962,0.3474518000148237,0.3473546000313945,0.34833700000308454,0.3476004999829456,0.34744550002506003,0.3490456999861635,1.1004679999896325
196,jamaican_sub002,21,Female,100,Jamaican Creole,2,Who di documentary by di director confuse after di screening?,,136,,,,,,,,,,,,,,,,,0.3488331999978982,0.3483843999565579,0.3485054000047967,0.3493390000076033,0.3485364999505691,0.34777569997822866,0.34894510003505275,0.3492991999955848,0.3474143000203185,1.1005939999595284,,,
197,jamaican_sub002,21,Female,100,Jamaican Creole,2,Di lecture fi last bout one hour.,,7,,,,,,,,,,,,,,,,,0.3493912999983877,0.3487728000036441,0.34808050002902746,0.34899999998742715,0.3488379999762401,0.34884589997818694,1.1010343999951147,,,,,,
198,jamaican_sub002,21,Female,100,Jamaican Creole,2,Yessideh di forgiving consultant explain di policy inna di meeting office.,,72,,,,,,,,,,,,,,,,,0.34983820002526045,0.3491388999973424,0.34801959997275844,0.3496912000118755,0.34909609996248037,0.34798260004026815,0.34809089999180287,0.3483023999724537,0.34870269999373704,0.34987639996688813,1.1012326999916695,,
199,jamaican_sub002,21,Female,100,Jamaican Creole,2,Wah di painting by di monk sekkle after di auction?,,136,,,,,,,,,,,,,,,,,0.349693100026343,0.34880750003503636,0.3487717999960296,0.3479302999912761,0.34907659998862073,0.3482402000227012,0.3495984000037424,0.34802530001616105,0.3487590000149794,1.1015029000118375,,,
200,jamaican_sub002,21,Female,100,Jamaican Creole,2,She put on har high-heel shoes.,,6,,,,,,,,,,,,,,,,,0.3492590999812819,0.3477275999612175,0.3483909000060521,0.34887950000120327,0.3491711000096984,1.1004545000032522,,,,,,,
201,jamaican_sub002,21,Female,100,Jamaican Creole,2,"Dah poet deh, di office supervisor did quote har inna di annual report.",,66,,,,,,,,,,,,,,,,,0.34934659994905815,0.34803749999264255,0.3490710000041872,0.34898680000333115,0.3502115999581292,0.34916499996325,0.34896029997617006,0.34890250000171363,0.3480278999777511,0.3468731999746524,0.34956549998605624,0.3493318000109866,1.1012037000036798
202,jamaican_sub002,21,Female,100,Jamaican Creole,2,A di lecture by di professor cover di syllabus before di exam?,,132,,,,,,,,,,,,,,,,,0.34867959999246523,0.349556700035464,0.3496240000240505,0.3488861999940127,0.3483873000368476,0.3491496999631636,0.3479536999948323,0.3494427000405267,0.3493031000252813,0.35010569996666163,0.3499701000400819,1.1017811999772675,
203,jamaican_sub002,21,Female,100,Jamaican Creole,2,"Dah crate deh, di night crew did unload it at di warehouse dock.",,66,,,,,,,,,,,,,,,,,0.3497036999906413,0.3493711999617517,0.3493455999996513,0.3498884000000544,0.34954179998021573,0.3493655999773182,0.34915530000580475,0.3494203999871388,0.3468554000137374,0.34984899999108166,0.3487314999802038,0.3493031999678351,1.1008002000162378
204,jamaican_sub002,21,Female,100,Jamaican Creole,2,A wah di meeting bout di embargo incite after di announcement?,Was di meeting bout di embargo?,144,9.0,red,1,,,,,,,,,,,,,,0.3485610999632627,0.3494935000198893,0.3487996999756433,0.34876209998037666,0.3495466999593191,0.3486333999899216,0.3495095999678597,0.34973799996078014,0.3503557000076398,0.3495424999855459,1.1010458000237122,,
205,jamaican_sub002,21,Female,100,Jamaican Creole,2,It unlucky fi walk unda one ship.,,23,,,,,,,,,,,,,,,,,0.3493453999981284,0.3498725999961607,0.34908770001493394,0.34964840003522113,0.3494329999666661,0.34862970001995564,1.1007658000453375,,,,,,
206,jamaican_sub002,21,Female,100,Jamaican Creole,2,A win di small bwoy did win di prize inna di drawing competition.,,65,,,,,,,,,,,,,,,,,0.3493690000032075,0.34965940000256523,0.34940539998933673,0.34904739999910817,0.34908059996087104,0.34877620002953336,0.35000089998357,0.3488611000357196,0.349250299972482,0.3481187999714166,0.34886379999807104,0.3488569000037387,1.1003311999957077
207,jamaican_sub002,21,Female,100,Jamaican Creole,2,A who di comment bout di bribe surprise after di meeting?,,144,,,,,,,,,,,,,,,,,0.34848510002484545,0.3479304000502452,0.3492114000255242,0.34976820001611486,0.3489723000093363,0.3491395000019111,0.3482979000546038,0.3485859999782406,0.34680909995222464,0.3479857000056654,1.100593100010883,,
208,jamaican_sub002,21,Female,100,Jamaican Creole,2,"Wen mi did deh a di hospital, di pharmacist dispense di medicine.",,33,,,,,,,,,,,,,,,,,0.34802019997732714,0.34950740000931546,0.34942290000617504,0.3489071999792941,0.34955920005450025,0.34799580002436414,0.34902130003320053,0.3483974999981001,0.3486962000024505,0.3476158999837935,0.34875950001878664,1.101086100039538,
209,jamaican_sub002,21,Female,100,Jamaican Creole,2,A dah player deh di unfair referee did disqualify during di volleyball game.,,68,,,,,,,,,,,,,,,,,0.3497663000016473,0.34885960002429783,0.3495581999886781,0.34937329997774214,0.349249399965629,0.3496792000369169,0.3488140999688767,0.3499022999894805,0.34865580004407093,0.34927390003576875,0.34870809997664765,0.34907810000004247,1.1011001000297256
210,jamaican_sub002,21,Female,100,Jamaican Creole,2,A di comment by di principal hurt di student during di assembly?,,132,,,,,,,,,,,,,,,,,0.3494104000274092,0.349473999987822,0.348967999976594,0.3486554999835789,0.3480764999985695,0.34942219994263723,0.34926039999118075,0.34785309998551384,0.34961239999393,0.3483083000173792,0.34856529999524355,1.100633599970024,
211,jamaican_sub002,21,Female,100,Jamaican Creole,2,"Wen him did deh a di lab, di scientist teach di assistant.",A di baby di scientist teach?,34,7.0,yellow,1,,,,,,,,,,,,,,0.3488721000030637,0.34593349997885525,0.3495930000208318,0.3488216000259854,0.3479582999716513,0.3485241000307724,0.348037900053896,0.347836900036782,0.3491005999967456,0.3488236000412144,0.34829259995603934,1.1009169000317343,
212,jamaican_sub002,21,Female,100,Jamaican Creole,2,Di careless smoker cause one forest thunder.,,23,,,,,,,,,,,,,,,,,0.3482007999555208,0.3500271000084467,0.34932859998662025,0.3478459999896586,0.3494238000130281,0.3493803999735974,1.1007038000389002,,,,,,
213,jamaican_sub002,21,Female,100,Jamaican Creole,2,Yessideh di affectionate madda hug di daughter inna di primary school.,,72,,,,,,,,,,,,,,,,,0.34897150000324473,0.34814199997344986,0.3481993000023067,0.3481155000044964,0.3487231999752112,0.3483490999788046,0.3496216000057757,0.3484307999606244,0.3484250000328757,0.3484824000042863,1.1004386999993585,,
214,jamaican_sub002,21,Female,100,Jamaican Creole,2,"Wen mi did deh a di job, di driver drive di customer.",,33,,,,,,,,,,,,,,,,,0.34901090001221746,0.34675139997852966,0.34914070001104847,0.3483576000435278,0.349260899994988,0.3487839000299573,0.34931459999643266,0.3486356000066735,0.3490534999873489,0.3495719999773428,0.3485422999947332,1.100236300029792,
215,jamaican_sub002,21,Female,100,Jamaican Creole,2,A dah costume deh di generous woman did wash fi di neighbor pitney.,Di woman wash di mat fi di neighbour pitney?,68,7.0,red,0,,,,,,,,,,,,,,0.34810090000974014,0.3479666000348516,0.34852220001630485,0.34983709995867684,0.3489259000052698,0.3492806000285782,0.34661579999374226,0.3488531999755651,0.3494080000091344,0.34916509996401146,0.34836689999792725,0.34928810002747923,1.1008024000329897
216,jamaican_sub002,21,Female,100,Jamaican Creole,2,"Wen she did deh a di hotel, di maid wash di clothes.",,34,,,,,,,,,,,,,,,,,0.3495845000143163,0.3494815999874845,0.3492736999760382,0.3499819000135176,0.3494563000276685,0.3497450999566354,0.34860399999888614,0.3495948999770917,0.3490754999802448,0.3491992000490427,0.3503709000069648,1.1010740000056103,
217,jamaican_sub002,21,Female,100,Jamaican Creole,2,break,,,,,,,,,,,,,,,,,,,,,,,,,,,,,,,
218,jamaican_sub002,21,Female,100,Jamaican Creole,2,"Wen she did deh a di hall, di planner prepare di decorations.",,34,,,,,,,,,,,,,,,,,0.3495126999914646,0.3482746999943629,0.34849430003669113,0.3481157000060193,0.34878580004442483,0.34889400005340576,0.34978859999682754,0.3481139999930747,0.34991460002493113,0.3496726999874227,0.3491279000299983,1.1005991999991238,
219,jamaican_sub002,21,Female,100,Jamaican Creole,2,A dah case deh di nervous nurse did review inna di shift debrief.,Di nurse review di case inna di shift debrief?,68,9.0,red,1,,,,,,,,,,,,,,0.34920950001105666,0.3500884000095539,0.3493434999836609,0.3490080999908969,0.34948969999095425,0.34952380001777783,0.349175599985756,0.34842170000774786,0.3486226999666542,0.3496547000249848,0.3476150999777019,0.34936110000126064,1.1007758000050671
220,jamaican_sub002,21,Female,100,Jamaican Creole,2,A wah di joke bout di election reveal during di rally?,,144,,,,,,,,,,,,,,,,,0.3491486999555491,0.3486836000229232,0.34762199997203425,0.3472986000124365,0.34939079999458045,0.34860819997265935,0.34859760000836104,0.3485330999828875,0.3486671000136994,0.3485250999801792,1.1008019000291824,,
221,jamaican_sub002,21,Female,100,Jamaican Creole,2,A battle di eager rookie did battle di player inna di tennis match.,,65,,,,,,,,,,,,,,,,,0.3481645999709144,0.3477611999842338,0.3485911000170745,0.3498006999725476,0.3485468999715522,0.34814750001532957,0.34664569998858497,0.34814890002598986,0.3490347000188194,0.3491133999777958,0.34861410001758486,0.348594100039918,1.0999232000322081
222,jamaican_sub002,21,Female,100,Jamaican Creole,2,"Wen mi did deh a di house, di electrician bill di fada.",,33,,,,,,,,,,,,,,,,,0.34980599995469674,0.3489263000083156,0.34970459999749437,0.34875589999137446,0.34815619996516034,0.34904160001315176,0.3486424000002444,0.3483389000175521,0.34916109999176115,0.3496666999999434,0.34738729998935014,1.101244100020267,
223,jamaican_sub002,21,Female,100,Jamaican Creole,2,A dah pitney deh di busy doctah did treat inna di bone clinic.,,68,,,,,,,,,,,,,,,,,0.3485548999742605,0.34683970001060516,0.3503408000105992,0.34901649999665096,0.3490021000034176,0.34877469995990396,0.3491222999873571,0.34918880002805963,0.34927879995666444,0.34793019999051467,0.34852860000682995,0.3473835000186227,1.1009820000035688
224,jamaican_sub002,21,Female,100,Jamaican Creole,2,A di feedback from di buyers change di design after di launch?,,132,,,,,,,,,,,,,,,,,0.34713619999820367,0.34946650004712865,0.35002549999626353,0.34794399997917935,0.34822789998725057,0.34841430000960827,0.34887510002590716,0.3487681000260636,0.34901070001069456,0.349015399988275,0.348775900027249,1.1012749000219628,
225,jamaican_sub002,21,Female,100,Jamaican Creole,2,Di boat pass easy unda di bridge.,,7,,,,,,,,,,,,,,,,,0.3495033999788575,0.34895529999630526,0.3487260999972932,0.34918800002196804,0.3493855000124313,0.34791380004025996,1.1005699000088498,,,,,,
226,jamaican_sub002,21,Female,100,Jamaican Creole,2,"Dah plan deh, di evil witch did mek it inna di prison chamber.",,66,,,,,,,,,,,,,,,,,0.3492335999617353,0.3491243000025861,0.34958099998766556,0.34981270000571385,0.3481353000388481,0.3491795000154525,0.34912799997255206,0.3485823999508284,0.34980039997026324,0.3475833000265993,0.3488152000354603,0.34918520000064746,1.1005246000131592
227,jamaican_sub002,21,Female,100,Jamaican Creole,2,A di arrest by di police frighten di community during di investigation?,,132,,,,,,,,,,,,,,,,,0.348752899968531,0.34855049999896437,0.34884819999570027,0.3489412000053562,0.3484463000204414,0.3494197999825701,0.3487803000025451,0.34852120000869036,0.3489965000189841,0.3493645000271499,0.34903109999140725,1.1011944999918342,
228,jamaican_sub002,21,Female,100,Jamaican Creole,2,A buy di college student did buy di computer at di indoor mall.,,65,,,,,,,,,,,,,,,,,0.3480553000117652,0.3479366999818012,0.34920830000191927,0.3494614999508485,0.34830730000976473,0.3493097000173293,0.34921180002857,0.3489170000539161,0.3487668000161648,0.34907530003692955,0.3491514999768697,0.3488050000160001,1.1016397000057623
229,jamaican_sub002,21,Female,100,Jamaican Creole,2,"Wen him did deh a di infirmary, di doctor bruk di machine.",A di machine di doctor bruk?,34,9.0,red,1,,,,,,,,,,,,,,0.34835290000773966,0.34902169997803867,0.34826920001069084,0.34860999998636544,0.34842310001840815,0.3481696000089869,0.3483655999880284,0.3483898999984376,0.3465022000018507,0.3477139999740757,0.34721409995108843,1.1010827000136487,
230,jamaican_sub002,21,Female,100,Jamaican Creole,2,Yessideh di famous actor challenge di colleague inna di awards ceremony.,Di actor did challenge him family?,72,7.0,yellow,1,,,,,,,,,,,,,,0.3480650999699719,0.3492341000237502,0.3486758999642916,0.34796949999872595,0.3492285999818705,0.3481158000067808,0.347950600029435,0.34930240001995116,0.3475963000091724,0.34840459999395534,1.0998301000217907,,
231,jamaican_sub002,21,Female,100,Jamaican Creole,2,Mi generally smoke filtered menthol cigarette.,,6,,,,,,,,,,,,,,,,,0.34940950002055615,0.34955990000162274,0.3487727999454364,0.3488457000348717,0.34927999996580184,1.1005957000306807,,,,,,,
232,jamaican_sub002,21,Female,100,Jamaican Creole,2,Wah di movie by di student win after di screening?,,136,,,,,,,,,,,,,,,,,0.34908469999209046,0.3495864999713376,0.3488284000195563,0.34824449999723583,0.3488626999896951,0.3483853000216186,0.3488706999924034,0.3486354000051506,0.34887510002590716,1.100776200008113,,,
233,jamaican_sub002,21,Female,100,Jamaican Creole,2,"Dah check deh, di charity team did collect it during di fundraiser banquet.",,66,,,,,,,,,,,,,,,,,0.349719499994535,0.3486796999932267,0.34893300000112504,0.3497234000242315,0.34962850000010803,0.3500077999779023,0.3484944000374526,0.3493406999623403,0.3491179999546148,0.3498177999863401,0.3491661999723874,0.34952659998089075,1.1012934999889694
234,jamaican_sub002,21,Female,100,Jamaican Creole,2,Di academic year start inna di bridge.,,23,,,,,,,,,,,,,,,,,0.3506838000030257,0.348981500021182,0.3490184000111185,0.34931009996216744,0.34927319997223094,0.34965899999951944,1.0999590000137687,,,,,,
235,jamaican_sub002,21,Female,100,Jamaican Creole,2,A who di book by di teacher entertain before di exam?,,144,,,,,,,,,,,,,,,,,0.34975170000689104,0.3497882999945432,0.34956299996702,0.3491280000307597,0.3484212000039406,0.346185400034301,0.3514407000038773,0.34913519996916875,0.3485747000086121,0.3491632000077516,1.1005868999636732,,
236,jamaican_sub002,21,Female,100,Jamaican Creole,2,Yessideh di educated writer translate di play inna di book series.,,72,,,,,,,,,,,,,,,,,0.3492011000053026,0.3495797000359744,0.34888250002404675,0.34950389998266473,0.34893279999960214,0.34838089998811483,0.3486238999757916,0.34850030002417043,0.3481364999897778,0.3491642000153661,1.1006767000071704,,
237,jamaican_sub002,21,Female,100,Jamaican Creole,2,Who di discovery by di scientist benefit after di testing?,Was di discovery by di teacher?,136,7.0,red,0,,,,,,,,,,,,,,0.34941050002817065,0.3493771000066772,0.3489914999809116,0.3493229000014253,0.34801770001649857,0.3492019000113942,0.34886879997793585,0.3494646999752149,0.3496088000247255,1.1015902999788523,,,
238,jamaican_sub002,21,Female,100,Jamaican Creole,2,Wen mi did deh a di farm di florist cut di flowers.,,33,,,,,,,,,,,,,,,,,0.34930220001842827,0.3487378000281751,0.3492132999817841,0.34922309999819845,0.3492329000146128,0.34847810002975166,0.3469652000349015,0.34917760000098497,0.3492884000297636,0.34825260000070557,0.3495954000391066,1.1004044999717735,
239,jamaican_sub002,21,Female,100,Jamaican Creole,2,"Afta dinner, dem wash di park.",,22,,,,,,,,,,,,,,,,,0.3492998000001535,0.34856059995945543,0.34919630002696067,0.34893099998589605,0.34818249999079853,1.1007358999922872,,,,,,,
240,jamaican_sub002,21,Female,100,Jamaican Creole,2,break,,,,,,,,,,,,,,,,,,,,,,,,,,,,,,,
241,jamaican_sub002,21,Female,100,Jamaican Creole,2,A di documentary bout di war affect di election during di campaign?,,132,,,,,,,,,,,,,,,,,0.34905499999877065,0.3486519000143744,0.34888750000391155,0.3495186000363901,0.3491528000449762,0.3488845999818295,0.3481554000172764,0.3489286000258289,0.3490965000237338,0.34890880004968494,0.3482609000056982,1.1014386999886483,
242,jamaican_sub002,21,Female,100,Jamaican Creole,2,"Wen mi did deh a di convention, di actress sign di autographs.",,33,,,,,,,,,,,,,,,,,0.34973939997144043,0.3485528000164777,0.3492523000459187,0.3484570999862626,0.3489403999992646,0.3483139999443665,0.34901850001187995,0.3485402999795042,0.34988390002399683,0.3487532999715768,0.34860239998670295,1.1007034999784082,
243,jamaican_sub002,21,Female,100,Jamaican Creole,2,"Dah captain deh, di expert surgeon did treat him inna di team lockeroom.",,66,,,,,,,,,,,,,,,,,0.34898209996754304,0.34940890001598746,0.34814359998563305,0.34808550000889227,0.34848849999252707,0.34973750001518056,0.3497061999514699,0.347588500007987,0.3489269000128843,0.349305399984587,0.348512299999129,0.34782730002189055,1.100850899994839
244,jamaican_sub002,21,Female,100,Jamaican Creole,2,John sweep di floor wid one meeting.,,23,,,,,,,,,,,,,,,,,0.34974769997643307,0.349538600014057,0.3492712999577634,0.34882090002065524,0.349066800030414,0.3482776999589987,1.101297400018666,,,,,,
245,jamaican_sub002,21,Female,100,Jamaican Creole,2,"Wen mi did deh a di hanger, di pilot meet di crew.",,33,,,,,,,,,,,,,,,,,0.34964580001542345,0.34922570001799613,0.3494949999731034,0.34932770003797486,0.34887610003352165,0.34684529999503866,0.34889010002370924,0.3481841999455355,0.34990620001917705,0.34815399994840845,0.34774019999895245,1.1012064999667928,
246,jamaican_sub002,21,Female,100,Jamaican Creole,2,A dah palace deh di talented artist did draw inna di art contest.,,68,,,,,,,,,,,,,,,,,0.3482573000364937,0.34616950002964586,0.3487667999579571,0.3482617000117898,0.3489155000424944,0.34933140000794083,0.34784500004025176,0.3491410000133328,0.34962850000010803,0.3488676000270061,0.3490321999997832,0.34897629998158664,1.101098799961619
247,jamaican_sub002,21,Female,100,Jamaican Creole,2,"Wen she did deh a di court, di judge punish di criminal.",,34,,,,,,,,,,,,,,,,,0.3485211999504827,0.34967370005324483,0.34966239996720105,0.34894749999511987,0.3486208000103943,0.34962460002861917,0.34863429999677464,0.348972599953413,0.3467034999630414,0.34984899999108166,0.34899000002769753,1.1005426000338048,
248,jamaican_sub002,21,Female,100,Jamaican Creole,2,Wah di email from di accountant criticize after di review?,,136,,,,,,,,,,,,,,,,,0.3488421000074595,0.34843589999945834,0.3488762999768369,0.3497400999767706,0.3480898999841884,0.34938440000405535,0.3499900999595411,0.34819900000002235,0.3485853999736719,1.1008472999674268,,,
249,jamaican_sub002,21,Female,100,Jamaican Creole,2,A watch di lazy pitney did watch di cartoon pan di big television.,,65,,,,,,,,,,,,,,,,,0.3484694000217132,0.348411200044211,0.34810589998960495,0.3484131000004709,0.3493268999736756,0.34883789997547865,0.34840239997720346,0.3474073999677785,0.34865929995430633,0.3490235999925062,0.3494012999581173,0.34853899996960536,1.100687900034245
250,jamaican_sub002,21,Female,100,Jamaican Creole,2,"Wen him did deh a di hospital, di doctor treat di patient.",A di nurse treat di patients?,34,7.0,yellow,1,,,,,,,,,,,,,,0.3492443999857642,0.3492812000331469,0.34854179999092594,0.34781999996630475,0.347691000031773,0.3488126999582164,0.3491945000132546,0.34787200001301244,0.3478367000352591,0.34984060004353523,0.3476632999954745,1.1008913000114262,
251,jamaican_sub002,21,Female,100,Jamaican Creole,2,"Dah phone deh, di rushing ooman did forget it inna di man house.",,66,,,,,,,,,,,,,,,,,0.3476788999978453,0.3480590999824926,0.3486918999697082,0.3488255999982357,0.34878869995009154,0.34892620000755414,0.3491645000176504,0.34808570001041517,0.3469857999589294,0.3486333999899216,0.34923360001994297,0.34865889995126054,1.1011534000281245
252,jamaican_sub002,21,Female,100,Jamaican Creole,2,A di advice bout di weather surprise di campers during di trip?,,132,,,,,,,,,,,,,,,,,0.34936789999483153,0.3467160000000149,0.34889920003479347,0.3491292999824509,0.34956960001727566,0.34855270001571625,0.3482918000081554,0.349164400016889,0.3490573999588378,0.3488971999613568,0.3477227999828756,1.1013872000039555,
253,jamaican_sub002,21,Female,100,Jamaican Creole,2,Yessideh di kind man help di pickney inna di mosque yard.,,72,,,,,,,,,,,,,,,,,0.34886119997827336,0.34816749999299645,0.3488301999750547,0.34942330000922084,0.34734429995296523,0.3484816999989562,0.349050399963744,0.3469827999942936,0.34947890002513304,0.3501025000005029,1.1011177999898791,,
254,jamaican_sub002,21,Female,100,Jamaican Creole,2,Who di compliment from di bartender embarrass during di shift?,Was di compliment from di bartender?,136,9.0,red,1,,,,,,,,,,,,,,0.3499646999989636,0.3490954000153579,0.3494030000292696,0.3492130000377074,0.349566999997478,0.34900019998895004,0.34942889999365434,0.34957660001236945,0.34951240004738793,1.1006968999863602,,,
255,jamaican_sub002,21,Female,100,Jamaican Creole,2,She season di steak wid black pepper.,,7,,,,,,,,,,,,,,,,,0.3490157999913208,0.34895930002676323,0.3495738999918103,0.3490425000200048,0.3486752000171691,0.3488533000345342,1.1007097999681719,,,,,,
256,jamaican_sub002,21,Female,100,Jamaican Creole,2,A search di immigration officer did search di pilot at di airport checkpoint.,,65,,,,,,,,,,,,,,,,,0.3497027000412345,0.34859860001597553,0.34946779999881983,0.34983760002069175,0.34912680002162233,0.349028599972371,0.3496369000058621,0.34867719997419044,0.34954010002547875,0.34940519998781383,0.3486869999906048,0.34973930002888665,1.1002876000129618
257,jamaican_sub002,21,Female,100,Jamaican Creole,2,A wah di inquiry by di mayor assist during di probe?,,144,,,,,,,,,,,,,,,,,0.3490289999754168,0.34960610000416636,0.34852020000107586,0.3491167000029236,0.34712049999507144,0.348869800043758,0.34858660004101694,0.34967670001788065,0.34833859995706007,0.3495812999899499,1.1012104999972507,,
258,jamaican_sub002,21,Female,100,Jamaican Creole,2,Di mother feed di newborn gas.,,22,,,,,,,,,,,,,,,,,0.34894830000121146,0.3488661000155844,0.34928130003390834,0.34855250001419336,0.3484758000122383,1.1015580000239424,,,,,,,
259,jamaican_sub002,21,Female,100,Jamaican Creole,2,Yessideh di foreign visitors rent di car from di rental company.,Di visitors rent di car?,72,9.0,red,1,,,,,,,,,,,,,,0.3483550000237301,0.34861270000692457,0.34959910000907257,0.34914319997187704,0.3485390999703668,0.3494213999947533,0.3485946000437252,0.3490415999549441,0.3483062000013888,0.34923320001689717,1.1008394000236876,,
260,jamaican_sub002,21,Female,100,Jamaican Creole,2,Dem raise pig pon dem farm.,,6,,,,,,,,,,,,,,,,,0.3493828999926336,0.34874180000042543,0.34884240000974387,0.34942600002977997,0.34860090003348887,1.1007916000089608,,,,,,,
261,jamaican_sub002,21,Female,100,Jamaican Creole,2,A dah candy deh di excited bwoy did buy inna di corner store.,Di bwoy buy di candy a school?,68,7.0,yellow,1,,,,,,,,,,,,,,0.3498682000208646,0.3487540999776684,0.34963389998301864,0.3500157999806106,0.34781870001461357,0.3492130999802612,0.34922240005107597,0.3489450000342913,0.34849549998762086,0.3463020999915898,0.3485384999657981,0.3488798000034876,1.1000081000383943
262,jamaican_sub002,21,Female,100,Jamaican Creole,2,A who di article by di journalist upset after di publication?,,144,,,,,,,,,,,,,,,,,0.34768899995833635,0.3486191999982111,0.34905540000181645,0.3488031000015326,0.3468445999897085,0.3472131000016816,0.34915269998600706,0.34965019999071956,0.348885599989444,0.34932919999118894,1.1004488000180572,,
263,jamaican_sub002,21,Female,100,Jamaican Creole,2,break,,,,,,,,,,,,,,,,,,,,,,,,,,,,,,,
264,jamaican_sub002,21,Female,100,Jamaican Creole,2,Who di complaint bout di testimony worry after di allegations?,Was di complaint bout a loud party?,136,7.0,yellow,1,,,,,,,,,,,,,,0.3502233999897726,0.34937820001505315,0.34968100005062297,0.34957760001998395,0.34821339999325573,0.34936729999026284,0.35041249997448176,0.3497825999511406,0.34946139995008707,1.10166579997167,,,
265,jamaican_sub002,21,Female,100,Jamaican Creole,2,A endorse di former mayor did endorse di candidate at di campaign rally.,,65,,,,,,,,,,,,,,,,,0.3484652999904938,0.3490397999994457,0.348889600019902,0.3491350000258535,0.34946060000220314,0.3480934000108391,0.34825260000070557,0.34905299998354167,0.3490046000224538,0.34969529998488724,0.34832119999919087,0.3482056999928318,1.100392099993769
266,jamaican_sub002,21,Female,100,Jamaican Creole,2,Joan warm di baby bottle a work.,,23,,,,,,,,,,,,,,,,,0.3490824000327848,0.34861550002824515,0.3493628000142053,0.3480303999967873,0.34846900001866743,0.3492569000227377,1.1019295000005513,,,,,,
267,jamaican_sub002,21,Female,100,Jamaican Creole,2,"Dah cake deh, di family friend did bake it fi di bithday party.",,66,,,,,,,,,,,,,,,,,0.3497211000067182,0.348943600023631,0.3490068999817595,0.34938739996869117,0.34885249997023493,0.3488886000122875,0.3480767000000924,0.3493809000356123,0.34954139997716993,0.3479173999512568,0.3502186000114307,0.34673300001304597,1.1009247000329196
268,jamaican_sub002,21,Female,100,Jamaican Creole,2,A di speech bout di law incite di march during di rally?,,132,,,,,,,,,,,,,,,,,0.3490407000062987,0.3483735999907367,0.34855019999668,0.3469668999896385,0.3488971999613568,0.3493047999800183,0.349004200019408,0.3491364999790676,0.34908610000275075,0.3489546000491828,0.34875799994915724,1.1007715000305325,
269,jamaican_sub002,21,Female,100,Jamaican Creole,2,A deliver di reliable courier did deliver di package to di vacation house.,,65,,,,,,,,,,,,,,,,,0.3488084999844432,0.34901810000883415,0.3489267000113614,0.3492569000227377,0.3483703000238165,0.3478804000187665,0.3495924999588169,0.34965839999495074,0.3494873999734409,0.34875030000694096,0.34892899997066706,0.3484126999974251,1.1009879999910481
270,jamaican_sub002,21,Female,100,Jamaican Creole,2,John full up di pen wid ink.,,7,,,,,,,,,,,,,,,,,0.3499574000015855,0.34847460000310093,0.34894259995780885,0.3484024999779649,0.3481853000121191,0.3493591999867931,1.1007847000146285,,,,,,
271,jamaican_sub002,21,Female,100,Jamaican Creole,2,"Dah note deh, di assistant teacher did circulate it during di class period.",,66,,,,,,,,,,,,,,,,,0.3493990999995731,0.34906359994784,0.348098199989181,0.3494397000176832,0.3490522999782115,0.34951509995153174,0.34838620002847165,0.3495360999950208,0.34849709999980405,0.3478208999731578,0.34791109996149316,0.3483929999638349,1.099718900048174
272,jamaican_sub002,21,Female,100,Jamaican Creole,2,"Wen mi did deh a di clinic, di caregiver assist di doctor.",,33,,,,,,,,,,,,,,,,,0.3490147999837063,0.3484541000216268,0.3485486999852583,0.3479226999916136,0.34841119998600334,0.34797409997554496,0.3483632000279613,0.3485557999811135,0.3479230999946594,0.3490662999683991,0.3484475999721326,1.100661099946592,
273,jamaican_sub002,21,Female,100,Jamaican Creole,2,Yessideh di injured engineer carry di package inna di transport truck.,,72,,,,,,,,,,,,,,,,,0.34853540000040084,0.3482094000210054,0.3486024999874644,0.34813800000119954,0.34847219998482615,0.3485508000012487,0.34769590001087636,0.3484261999838054,0.3486298999632709,0.34853970003314316,1.1004608999937773,,
274,jamaican_sub002,21,Female,100,Jamaican Creole,2,Wah di decision by di teacha sekkle after di discussion?,,136,,,,,,,,,,,,,,,,,0.34893199999351054,0.3492337000207044,0.34931049996521324,0.3487973000155762,0.34930509998230264,0.34928550000768155,0.34868179995100945,0.34869329998036847,0.3476653000107035,1.1015219999826513,,,
275,jamaican_sub002,21,Female,100,Jamaican Creole,2,A dah mural deh di professional artist did paint pan di old wall.,,68,,,,,,,,,,,,,,,,,0.34840839996468276,0.3488593999645673,0.34903480001958087,0.3492977999849245,0.3487073999713175,0.3488587000174448,0.3491974999778904,0.34854279999854043,0.3495858999667689,0.3488218000275083,0.34933100000489503,0.34911149996332824,1.0999429000075907
276,jamaican_sub002,21,Female,100,Jamaican Creole,2,"Wen him did deh a di gym, di coach train di contestants.",Di coach train di contestants a di gym?,34,9.0,red,1,,,,,,,,,,,,,,0.348881000012625,0.3486022999859415,0.3493390000076033,0.34864500002004206,0.3487307000323199,0.34866499999770895,0.3490098000038415,0.3479170000064187,0.34897110000019893,0.34721179999178275,0.3481931000133045,1.1005741999833845,
277,jamaican_sub002,21,Female,100,Jamaican Creole,2,A di diplomacy by di general avert di war before di attack?,,132,,,,,,,,,,,,,,,,,0.34935510001378134,0.3488429000135511,0.34970180003438145,0.3479685999918729,0.3481397000141442,0.3496303999563679,0.35013059998163953,0.3478912000427954,0.3489337000064552,0.3488560999976471,0.34866009996039793,1.1008414999814704,
278,jamaican_sub002,21,Female,100,Jamaican Creole,2,"Wen she did deh a di clinic, di nurse advise di patient.",,34,,,,,,,,,,,,,,,,,0.34959239995805547,0.34902490000240505,0.349525400029961,0.348811800009571,0.34917309996671975,0.34926320001250133,0.34935269999550655,0.34866760001750663,0.3494576000375673,0.34980199998244643,0.3490633000037633,1.1012024999945424,
279,jamaican_sub002,21,Female,100,Jamaican Creole,2,A dah bwoy deh di kind man did hug inna di prizegiving ceremony.,Di man hug di bwoy inna di prizegiving ceremony?,68,9.0,red,1,,,,,,,,,,,,,,0.34842049999861047,0.34898180002346635,0.3494928000145592,0.349240799958352,0.34899790002964437,0.34914609999395907,0.3489938999991864,0.3478342000162229,0.34888910001609474,0.34855760005302727,0.34958580002421513,0.34797030000481755,1.1010447000153363
280,jamaican_sub002,21,Female,100,Jamaican Creole,2,"Wen mi did deh a di field, di coach train di players.",,33,,,,,,,,,,,,,,,,,0.3490330000058748,0.3479384999955073,0.3495927000185475,0.3494004000094719,0.3487536000320688,0.34853919997112826,0.3492210000404157,0.34903700003633276,0.3493059000466019,0.3492234000004828,0.34944209997775033,1.100940999982413,
281,jamaican_sub002,21,Female,100,Jamaican Creole,2,A who di arrest a di politician disappoint during di election?,,144,,,,,,,,,,,,,,,,,0.34914830001071095,0.3494061999954283,0.349701399973128,0.34957960003521293,0.34886600001482293,0.3485641000443138,0.3495168999652378,0.34909860003972426,0.34839889995055273,0.348261300008744,1.1016151999938302,,
282,jamaican_sub002,21,Female,100,Jamaican Creole,2,Dem name har afta har mother.,,6,,,,,,,,,,,,,,,,,0.3488700000452809,0.3489324999973178,0.34880719997454435,0.34946950001176447,0.34912279999116436,1.100892600021325,,,,,,,
283,jamaican_sub002,21,Female,100,Jamaican Creole,2,Hal write har one love sandwich.,,22,,,,,,,,,,,,,,,,,0.3495001000119373,0.3489587999647483,0.3501486000022851,0.3487586000119336,0.34956589998910204,1.1003883999655955,,,,,,,
284,jamaican_sub002,21,Female,100,Jamaican Creole,2,Yessideh di excited girl mek di call inna di visa office.,Di bwoy mek di call?,72,7.0,yellow,1,,,,,,,,,,,,,,0.3494809999829158,0.3476015000487678,0.348966300021857,0.34930569998687133,0.3494652999797836,0.348286000022199,0.34804169996641576,0.34861719998298213,0.3481311000068672,0.3487639999948442,1.1008392999647185,,
285,jamaican_sub002,21,Female,100,Jamaican Creole,2,A wah di exhibition by di painter celebrate during di festival?,,144,,,,,,,,,,,,,,,,,0.35000229999423027,0.3487992000300437,0.34805749997030944,0.3486267999978736,0.34944419999374077,0.3480116999708116,0.34951159998308867,0.34718410001369193,0.34835849999217317,0.3481642999686301,1.1014688999857754,,
286,jamaican_sub002,21,Female,100,Jamaican Creole,2,break,,,,,,,,,,,,,,,,,,,,,,,,,,,,,,,
287,jamaican_sub002,21,Female,100,Jamaican Creole,2,Emily pour cereal inna one bowl.,,6,,,,,,,,,,,,,,,,,0.3495132999960333,0.3488712999969721,0.3483426000457257,0.34944780002115294,0.3485004000249319,1.1014527999795973,,,,,,,
288,jamaican_sub002,21,Female,100,Jamaican Creole,2,"Dah manager deh, di overworked employee did help him inna di late project.",,66,,,,,,,,,,,,,,,,,0.349201200006064,0.34955629997421056,0.3474328999873251,0.3488786999951117,0.3494082000106573,0.3493626000126824,0.349339600012172,0.348750899953302,0.3483777999645099,0.3486606999649666,0.34828639996703714,0.3488072999753058,1.1010123000014573
289,jamaican_sub002,21,Female,100,Jamaican Creole,2,A wah di drawing by di artisit depict before di clash?,,144,,,,,,,,,,,,,,,,,0.34933619998628274,0.3492072999943048,0.34977089997846633,0.34959200001321733,0.3495792999747209,0.3488978000241332,0.34946330002276227,0.3497854000306688,0.3481101000215858,0.34944880002876744,1.100143300020136,,
290,jamaican_sub002,21,Female,100,Jamaican Creole,2,A discuss di tactful broadcaster did discuss di movie inna di mawnin broadcast.,,65,,,,,,,,,,,,,,,,,0.3484265999868512,0.3479333999566734,0.34684730001026765,0.34892219997709617,0.3492712000152096,0.3489590000244789,0.34782259998610243,0.34898849995806813,0.34896909998496994,0.3480903999879956,0.3486657000030391,0.34920259995851666,1.1008525000070222
291,jamaican_sub002,21,Female,100,Jamaican Creole,2,Him mail di letter widout one ladder.,,23,,,,,,,,,,,,,,,,,0.3487910999683663,0.3492662000353448,0.3480023999582045,0.3485130000044592,0.34937200002605096,0.3483964999904856,1.101550099963788,,,,,,
292,jamaican_sub002,21,Female,100,Jamaican Creole,2,"Dah box deh, di young clerk did accept it from di delivery driver.",,66,,,,,,,,,,,,,,,,,0.3497745000058785,0.34938760002842173,0.3495544000179507,0.34804030001396313,0.3492697000037879,0.3493031000252813,0.3492221999913454,0.34862710000015795,0.3488523000269197,0.34774920000927523,0.3484529000124894,0.34936609998112544,1.100473599974066
293,jamaican_sub002,21,Female,100,Jamaican Creole,2,Wah di campaign bout di environment save after di conference?,Was di campaign bout di environment?,136,9.0,red,1,,,,,,,,,,,,,,0.3493151000002399,0.34978079999564216,0.34953230002429336,0.3508805999881588,0.3491277000284754,0.3490864999475889,0.35019590001320466,0.34672800003318116,0.3485439000069164,1.1007688000099733,,,
294,jamaican_sub002,21,Female,100,Jamaican Creole,2,A meet di shy girl did meet di bwoy inna di training session.,,65,,,,,,,,,,,,,,,,,0.3491591999772936,0.34963029995560646,0.3490397999994457,0.34786400001030415,0.349616999970749,0.3493139000493102,0.34899919998133555,0.3492816000361927,0.3487711999914609,0.34931660001166165,0.3490417000139132,0.3490405000047758,1.1004720999626443
295,jamaican_sub002,21,Female,100,Jamaican Creole,2,"Wen him did deh a di factory, di carpenter mek di table.",,34,,,,,,,,,,,,,,,,,0.3494607000029646,0.35012459999416023,0.3485571999917738,0.3497320999740623,0.3497380000189878,0.34954830002970994,0.3494281999883242,0.34867519995896146,0.34895850002067164,0.3496891999966465,0.34930380003061146,1.1014494000119157,
296,jamaican_sub002,21,Female,100,Jamaican Creole,2,A dah bill deh di full man did recieve inna di restaurant booth.,,68,,,,,,,,,,,,,,,,,0.3494605000014417,0.34846160002052784,0.3486976000131108,0.35003820003475994,0.3484040999901481,0.34973679995164275,0.3487932000425644,0.3489041000138968,0.35017619997961447,0.34753100003581494,0.3474467999767512,0.3495053999940865,1.100735500047449
297,jamaican_sub002,21,Female,100,Jamaican Creole,2,"Wen mi did deh a di dock, di captain encourage di crew.",,33,,,,,,,,,,,,,,,,,0.3490404000040144,0.3498971000080928,0.34880670002894476,0.3483855000231415,0.3490771999931894,0.3478919999906793,0.3483245000243187,0.34831700002541766,0.3492690999992192,0.34796729998197407,0.3487510000122711,1.100869200017769,
298,jamaican_sub002,21,Female,100,Jamaican Creole,2,Yessideh di kind woman address di broadcaster pon di evening radio.,Di woman did address di broadcaster?,72,9.0,red,1,,,,,,,,,,,,,,0.34916069998871535,0.3471902000019327,0.3485919999657199,0.3476968000177294,0.34760560002177954,0.3492074999958277,0.34894350002286956,0.3496405999758281,0.34939650003798306,0.34943149995524436,1.1016114999656565,,
299,jamaican_sub002,21,Female,100,Jamaican Creole,2,Har new shoes did di wrong size.,,7,,,,,,,,,,,,,,,,,0.3498488999903202,0.3498367000138387,0.3485328999813646,0.34793260000878945,0.34816930000670254,0.34886540001025423,1.1013839999795891,,,,,,
300,jamaican_sub002,21,Female,100,Jamaican Creole,2,A di video a di riot record di arrests after di protest?,Was di video of di party?,132,7.0,yellow,1,,,,,,,,,,,,,,0.3492983999894932,0.3491069999872707,0.34862410003552213,0.34886739996727556,0.34945420001167804,0.34918979997746646,0.34888030000729486,0.34789980005007237,0.3485398000339046,0.34877250000135973,0.34901570004876703,1.10135780001292,
301,jamaican_sub002,21,Female,100,Jamaican Creole,2,Wen she did deh a di class di teacher scold di students.,,34,,,,,,,,,,,,,,,,,0.34811600000830367,0.347798100032378,0.3490160000510514,0.34641860000556335,0.34771580004598945,0.3486708999844268,0.34934830002021044,0.34985120000783354,0.3482124000438489,0.34889269998529926,0.34893099998589605,1.1005176000180654,
302,jamaican_sub002,21,Female,100,Jamaican Creole,2,A di cousin of di bride crash di wedding during di ceremony?,,132,,,,,,,,,,,,,,,,,0.34975950000807643,0.3489629999967292,0.3492754999897443,0.3485727999941446,0.3480769000016153,0.346214399964083,0.34934210003120825,0.34788259997731075,0.34964580001542345,0.34828929998911917,0.3489458999829367,1.1004709000117145,
303,jamaican_sub002,21,Female,100,Jamaican Creole,2,A dah manager deh di old woman did scold inna di store hallway.,,68,,,,,,,,,,,,,,,,,0.3474940999876708,0.3487143999664113,0.3490515000303276,0.3488577000098303,0.34852699999464676,0.34790090000024065,0.34828819998074323,0.3482024999684654,0.3486772000323981,0.3484704999718815,0.3482862000237219,0.3485711999819614,1.100742699985858
304,jamaican_sub002,21,Female,100,Jamaican Creole,2,Cathy liked by har light.,,21,,,,,,,,,,,,,,,,,0.34895650000544265,0.3495439999969676,0.34913419996155426,0.3491947000147775,1.1010415999917313,,,,,,,,
305,jamaican_sub002,21,Female,100,Jamaican Creole,2,"Wen mi did deh a di church, di nun help di priest.",Di maid help di priest a church?,33,7.0,yellow,1,,,,,,,,,,,,,,0.3486016999813728,0.34919440001249313,0.3487171999877319,0.3480591999832541,0.34845819999463856,0.34849090001080185,0.3485490999883041,0.3482910000020638,0.3483520000008866,0.3487926000379957,0.34827970003243536,1.1015456999884918,
306,jamaican_sub002,21,Female,100,Jamaican Creole,2,Who di book bout di wizard captivate during di reading?,,136,,,,,,,,,,,,,,,,,0.34934070002054796,0.349627599993255,0.34982389997458085,0.34916649997467175,0.3495729999849573,0.3493107000249438,0.3485190999926999,0.34910360001958907,0.3484883999917656,1.1016299999901094,,,
307,jamaican_sub002,21,Female,100,Jamaican Creole,2,Yessideh di deceitful merchant sell di melon inna di vegetable market.,,72,,,,,,,,,,,,,,,,,0.34953890001634136,0.34912959998473525,0.3496784999733791,0.34853319998364896,0.3491457999916747,0.3487703999853693,0.34882509999442846,0.34947109996574,0.3491899000364356,0.35053390002576634,1.1006351999822073,,
308,jamaican_sub002,21,Female,100,Jamaican Creole,2,A who di advertisement by di company disappoint before di match?,,144,,,,,,,,,,,,,,,,,0.34951339999679476,0.34909820003667846,0.3481972999870777,0.34935050003696233,0.34912099997745827,0.34946439997293055,0.3499644999974407,0.3482361999922432,0.35020319995237514,0.34710790001554415,1.1005407000193372,,
309,jamaican_sub002,21,Female,100,Jamaican Creole,2,break,,,,,,,,,,,,,,,,,,,,,,,,,,,,,,,
310,jamaican_sub002,21,Female,100,Jamaican Creole,2,A strike di distracted driver did strike di barrier inna di parking area.,,65,,,,,,,,,,,,,,,,,0.3488979000248946,0.34922800003550947,0.3486985999625176,0.3497147000161931,0.3483544000191614,0.3489017999963835,0.3492763999965973,0.348361800017301,0.3496512999990955,0.3482786000240594,0.34909189998870715,0.34810130001278594,1.1002739999676123
311,jamaican_sub002,21,Female,100,Jamaican Creole,2,Who di blackmail by di mistress threaten during di election?,,136,,,,,,,,,,,,,,,,,0.34958199999528006,0.34814230003394186,0.349111300020013,0.3496917000156827,0.34861579997232184,0.3480250000138767,0.3482844000100158,0.3485410999855958,0.348022399994079,1.1008800000417978,,,
312,jamaican_sub002,21,Female,100,Jamaican Creole,2,Him buy dem inna di candy pressure.,,23,,,,,,,,,,,,,,,,,0.34845360001781955,0.34917160001350567,0.34927090001292527,0.34841770003549755,0.34830030001467094,0.34887710004113615,1.1007400999660604,,,,,,
313,jamaican_sub002,21,Female,100,Jamaican Creole,2,"Dah ballad deh, di famous singer did sing it inna di party tonight.",,66,,,,,,,,,,,,,,,,,0.3493276999797672,0.34797389997402206,0.3489689999842085,0.3487324000452645,0.3488597000250593,0.3487735000089742,0.3495260999770835,0.3489075999823399,0.34570299996994436,0.3492435999796726,0.3491775000002235,0.34870390000287443,1.1005896999849938
314,jamaican_sub002,21,Female,100,Jamaican Creole,2,A wah di consultation wid di lawyer achieve before di signing?,,144,,,,,,,,,,,,,,,,,0.34880679997149855,0.3490569000132382,0.34937329997774214,0.34936400002334267,0.34665769996354356,0.3486114999977872,0.34842589998152107,0.3491424999665469,0.3496341000427492,0.34858839999651536,1.1006711999652907,,
315,jamaican_sub002,21,Female,100,Jamaican Creole,2,Motorbike can mek nuff noise.,,5,,,,,,,,,,,,,,,,,0.3495051999925636,0.34904739999910817,0.34845320001477376,0.34881090000271797,1.1014445999753661,,,,,,,,
316,jamaican_sub002,21,Female,100,Jamaican Creole,2,Yessideh di private security guard di bank near di campus courtyard.,Di private security guard di church?,72,7.0,yellow,1,,,,,,,,,,,,,,0.35024800000246614,0.34889729996211827,0.34976269997423515,0.3484662999981083,0.34877849998883903,0.34807879995787516,0.3484168999711983,0.3484854999696836,0.3491898000356741,0.34974519995739684,1.1001493000076152,,
317,jamaican_sub002,21,Female,100,Jamaican Creole,2,"Wen him did deh a di conference, di surgeon explain di technique.",,34,,,,,,,,,,,,,,,,,0.34939099999610335,0.3495157000143081,0.349113899981603,0.3487792999949306,0.34782059997087345,0.3488937999936752,0.34807350003393367,0.34821419999934733,0.3492227999959141,0.3492050999775529,0.3493440999882296,1.1004364999826066,
318,jamaican_sub002,21,Female,100,Jamaican Creole,2,A di bribe from di lobbyist cause di investigation after di hearing?,,132,,,,,,,,,,,,,,,,,0.348310399975162,0.34909350000089034,0.3487400999874808,0.34766729996772483,0.34747280000010505,0.34905279998201877,0.3482075000065379,0.34868970001116395,0.35010899999178946,0.34943989996099845,0.34733620000770316,1.100078699993901,
319,jamaican_sub002,21,Female,100,Jamaican Creole,2,Him buy one wall-to-wall book.,,21,,,,,,,,,,,,,,,,,0.34958719997666776,0.3478413999546319,0.3483007999602705,0.3488214000244625,1.1012326999916695,,,,,,,,
320,jamaican_sub002,21,Female,100,Jamaican Creole,2,Wah di article bout di scandal reveal after di investigation?,Was di article bout di graduation?,136,7.0,yellow,1,,,,,,,,,,,,,,0.34965759998885915,0.3483508999925107,0.3484148999559693,0.34728980000363663,0.34808530000736937,0.3504116000258364,0.35755999997491017,0.34975589998066425,0.3491348000243306,1.1002788999467157,,,
321,jamaican_sub002,21,Female,100,Jamaican Creole,2,Yessideh di heroic passerby rescue di man inna di car accident.,,72,,,,,,,,,,,,,,,,,0.3488966000149958,0.34847279998939484,0.3482018999638967,0.34824740001931787,0.34852800000226125,0.34803939994890243,0.34841759997652844,0.3492957999696955,0.34912739996798337,0.3494084000121802,1.101102099986747,,
322,jamaican_sub002,21,Female,100,Jamaican Creole,2,A di tutorial on di internet teach di technique during di session?,Di tutorial did deh pon di internet?,132,9.0,red,1,,,,,,,,,,,,,,0.3483335000346415,0.3493525999947451,0.34956589998910204,0.3496652999892831,0.34814870002446696,0.3492254000157118,0.3475021999911405,0.3486630000406876,0.3499037000001408,0.3491817999747582,0.3495256999740377,1.1004026000155136,
323,jamaican_sub002,21,Female,100,Jamaican Creole,2,"Wen mi did deh a di audition, di ballerina forget di routine.",Di ballerina did forget di routine?,33,9.0,red,1,,,,,,,,,,,,,,0.34945619996869937,0.3501854999922216,0.35023380001075566,0.34952839999459684,0.3490907000377774,0.3487450999673456,0.3492979000438936,0.3486022999859415,0.3496648999862373,0.3488363000215031,0.3494240999571048,1.100690899998881,
324,jamaican_sub002,21,Female,100,Jamaican Creole,2,A dah assistant deh di professional hairdresser did pay inna di back office.,,68,,,,,,,,,,,,,,,,,0.35008429997833446,0.34918919997289777,0.34981709998100996,0.34838749998016283,0.34893159999046475,0.3492541000014171,0.3499155000317842,0.3490712000057101,0.3493867000215687,0.34694620000664145,0.3486220000195317,0.34862859995337203,1.100517899962142
325,jamaican_sub002,21,Female,100,Jamaican Creole,2,A wah di auction fi di land destroy after di sale?,,144,,,,,,,,,,,,,,,,,0.34936649998417124,0.3494183999719098,0.3488403000519611,0.3493392000091262,0.3489294999744743,0.34819229994900525,0.3493372999946587,0.34943840000778437,0.3488791999989189,0.34784420003416017,1.0995817999937572,,
326,jamaican_sub002,21,Female,100,Jamaican Creole,2,"Wen mi did deh a di conference, di ambassador give di speech.",,33,,,,,,,,,,,,,,,,,0.3484699000255205,0.3483468999620527,0.3486451000208035,0.34941090003121644,0.3487631999887526,0.3483921000151895,0.3494257999700494,0.34911309997551143,0.34858260001055896,0.34923769999295473,0.34713559999363497,1.1007030000328086,
327,jamaican_sub002,21,Female,100,Jamaican Creole,2,"Dah magazine deh, di nervous intern did read it before di monthly meeting.",,66,,,,,,,,,,,,,,,,,0.34903769998345524,0.34946120000677183,0.349096100020688,0.34843980002915487,0.3491964999702759,0.3488668000209145,0.3492686999961734,0.348972900013905,0.3489858999964781,0.34868769999593496,0.34620269999140874,0.34692169999470934,1.101081000000704
328,jamaican_sub002,21,Female,100,Jamaican Creole,2,"Wen she did deh a di camp, di nurse treat di campers.",,34,,,,,,,,,,,,,,,,,0.3492658999748528,0.349907899973914,0.34911440004361793,0.3494563000276685,0.34872180002275854,0.3486183999921195,0.3492136000422761,0.3484794000396505,0.3489576000138186,0.34941010002512485,0.34897340001771227,1.1015034000156447,
329,jamaican_sub002,21,Female,100,Jamaican Creole,2,A dah madda deh di lost bwoy did find inna di mall corridor.,,68,,,,,,,,,,,,,,,,,0.3489799999515526,0.3486108999932185,0.34575589996529743,0.3496461999602616,0.3489290000288747,0.3477077000425197,0.34888230002252385,0.3486261000507511,0.3486993999686092,0.34797649999381974,0.3485444000107236,0.3494690000079572,1.1008987000095658
330,jamaican_sub002,21,Female,100,Jamaican Creole,2,Him loosen di tie roun him neck.,,7,,,,,,,,,,,,,,,,,0.34882090002065524,0.34994029998779297,0.34712489997036755,0.3488086000434123,0.3490377000416629,0.34930180001538247,1.1008543000207283,,,,,,
331,jamaican_sub002,21,Female,100,Jamaican Creole,2,A rescue di muscular lifeguard did rescue di man inna di swimming pool.,,65,,,,,,,,,,,,,,,,,0.3487110999994911,0.34988190000876784,0.34892519999993965,0.3493245000136085,0.34919159999117255,0.34665809996658936,0.34825820004334673,0.348553899966646,0.34932420001132414,0.34908549999818206,0.3489446000312455,0.3497394000296481,1.1020885999896564
332,jamaican_sub002,21,Female,100,Jamaican Creole,2,break,,,,,,,,,,,,,,,,,,,,,,,,,,,,,,,
333,jamaican_sub002,21,Female,100,Jamaican Creole,2,"Dah light deh, di skilled electrician did fix it inna di electronics store.",,66,,,,,,,,,,,,,,,,,0.3491626000031829,0.34878719999687746,0.34886259998893365,0.34842330001993105,0.34847199998330325,0.34908730001188815,0.34781060001114383,0.34905240003718063,0.348867800028529,0.347630099975504,0.348475500009954,0.3486049000057392,1.1003138999803923
334,jamaican_sub002,21,Female,100,Jamaican Creole,2,Betsy coulda neva tell lie.,,5,,,,,,,,,,,,,,,,,0.3494457000051625,0.3494006000109948,0.3493898999877274,0.34866580000380054,1.1000761999748647,,,,,,,,
335,jamaican_sub002,21,Female,100,Jamaican Creole,2,A wah di blueprints by di engineer describe before di construction?,,144,,,,,,,,,,,,,,,,,0.3488457999774255,0.34892419999232516,0.34833399998024106,0.3492022000136785,0.34866979997605085,0.3496904000057839,0.349543199990876,0.34890270000323653,0.34602160000940785,0.3485797999892384,1.100625399965793,,
336,jamaican_sub002,21,Female,100,Jamaican Creole,2,A meet di hungry pitney did meet di madda inna di restaurant booth.,,65,,,,,,,,,,,,,,,,,0.34864540002308786,0.34674400003859773,0.34873359999619424,0.3483703000238165,0.3486333999899216,0.3490098999463953,0.3492565000196919,0.3495232999557629,0.34876329998951405,0.3484946000389755,0.34869670000625774,0.34854770003585145,1.1012297000270337
337,jamaican_sub002,21,Female,100,Jamaican Creole,2,Fada carve di turkey wid one road.,,23,,,,,,,,,,,,,,,,,0.34952940000221133,0.349486600025557,0.3486953000538051,0.34830329997930676,0.3498989000217989,0.3493121999781579,1.100955799978692,,,,,,
338,jamaican_sub002,21,Female,100,Jamaican Creole,2,Who di advice from di consultant assist before di interview?,,136,,,,,,,,,,,,,,,,,0.34857169998576865,0.3484698999673128,0.3493258000235073,0.34858879999956116,0.3477837999816984,0.3494032999733463,0.3496473000268452,0.3491117000230588,0.3485311000258662,1.1009481000364758,,,
339,jamaican_sub002,21,Female,100,Jamaican Creole,2,Yessideh di busy mada cook di lunch inna di outside kitchen.,,72,,,,,,,,,,,,,,,,,0.3493845000048168,0.34832440002355725,0.3500713999965228,0.34850229998119175,0.34786460001487285,0.3484455000143498,0.34909989999141544,0.347644199966453,0.3477484999457374,0.34900490002473816,1.099953499971889,,
340,jamaican_sub002,21,Female,100,Jamaican Creole,2,A di survey bout di debate reveal di strategy during di meeting?,Di survey was bout di town election?,132,7.0,yellow,1,,,,,,,,,,,,,,0.34921389998635277,0.34889510000357404,0.3498634999850765,0.34876840002834797,0.3480594999855384,0.3491360999760218,0.34804030001396313,0.34899279999081045,0.34930540004279464,0.34853990003466606,0.3476311999838799,1.1006979000521824,
341,jamaican_sub002,21,Female,100,Jamaican Creole,2,"Wen she did deh a di airport, di stewardess help di travellers.",,34,,,,,,,,,,,,,,,,,0.3487699999823235,0.34890049998648465,0.3495221000048332,0.34887459996389225,0.3483892999938689,0.34796649997588247,0.34992459998466074,0.3492602999904193,0.34914569999091327,0.34869870002148673,0.3490405000047758,1.1002294999780133,
342,jamaican_sub002,21,Female,100,Jamaican Creole,2,Fred put di worm pon a hook.,,7,,,,,,,,,,,,,,,,,0.3504988999920897,0.348866900021676,0.34984159999294207,0.3468388000037521,0.34914690000005066,0.34720660001039505,1.1012244999874383,,,,,,
343,jamaican_sub002,21,Female,100,Jamaican Creole,2,A wah di verdict from di judge cause during di trial?,,144,,,,,,,,,,,,,,,,,0.34831760002998635,0.3488536999793723,0.34727179998299107,0.3488609000341967,0.34967159997904673,0.34853999997721985,0.34852960001444444,0.3486706000403501,0.348972900013905,0.34907810000004247,1.1006417000317015,,
344,jamaican_sub002,21,Female,100,Jamaican Creole,2,Yessideh di senior official interview di agent inna di government office.,Di senior official interview di agent?,72,9.0,yellow,0,,,,,,,,,,,,,,0.34899069997482,0.3489105000044219,0.3488237999845296,0.3485060000093654,0.3491751999827102,0.34870240004966035,0.348867800028529,0.34915849997196347,0.34844029997475445,0.3481090000132099,1.1010828000144102,,
345,jamaican_sub002,21,Female,100,Jamaican Creole,2,"Wen him did deh a di capital, di minister meet di president.",,34,,,,,,,,,,,,,,,,,0.3468373999930918,0.34808510000584647,0.3487970999558456,0.3477686000405811,0.35000390000641346,0.34785109997028485,0.3490655000205152,0.34620640001958236,0.3484708000323735,0.3490404000040144,0.3492258000187576,1.100293600000441,
346,jamaican_sub002,21,Female,100,Jamaican Creole,2,A dah accountant deh di new manager did hire inna di office department.,,68,,,,,,,,,,,,,,,,,0.34920919995056465,0.3484617000212893,0.34830170002533123,0.3486986000207253,0.34889510000357404,0.3473642999888398,0.34937740000896156,0.34951759997056797,0.3491657999693416,0.34866339998552576,0.3485594000085257,0.3494197999825701,1.1006793000269681
347,jamaican_sub002,21,Female,100,Jamaican Creole,2,"Wen mi did deh a di workshop, di tailor prepare di suit.",A di skirt di tailor prepare?,33,7.0,yellow,1,,,,,,,,,,,,,,0.3490152000449598,0.3488717000000179,0.3481972000445239,0.349647700029891,0.3492493000230752,0.3494361999910325,0.34952980000525713,0.34951179998461157,0.3489508000202477,0.3469434000435285,0.3468484000186436,1.1010974999517202,
348,jamaican_sub002,21,Female,100,Jamaican Creole,2,A female chicken name star.,,21,,,,,,,,,,,,,,,,,0.34962680004537106,0.34890149999409914,0.34903310000663623,0.3491191999637522,1.1013682000339031,,,,,,,,
349,jamaican_sub002,21,Female,100,Jamaican Creole,2,A dah lesson deh di smart teacha did read inna di quiet library.,,68,,,,,,,,,,,,,,,,,0.3499858999857679,0.34961930004647,0.3501634999993257,0.35022660001413897,0.350137600034941,0.34915190003812313,0.3484900000039488,0.3481257000239566,0.3490833999821916,0.34872980002546683,0.34730419999687,0.348793699988164,1.1004761999938637
350,jamaican_sub002,21,Female,100,Jamaican Creole,2,A di blueprints fi di building reveal di flaw during di inspection?,,132,,,,,,,,,,,,,,,,,0.3489627999952063,0.34952309995424,0.34885439998470247,0.3492168000084348,0.3481321999570355,0.3491022000089288,0.34979259996907786,0.34950700000626966,0.3494504000409506,0.3491705000051297,0.34766500000841916,1.1002919999882579,
351,jamaican_sub002,21,Female,100,Jamaican Creole,2,A sing di cheerful teacha did sing di anthem inna di morning lineup.,,65,,,,,,,,,,,,,,,,,0.34943960001692176,0.34884200000669807,0.3482625999604352,0.34944149997318164,0.34992639999836683,0.3500253999955021,0.3496807999908924,0.3492244999506511,0.34985450003296137,0.34973650000756606,0.34936989995185286,0.34938480000710115,1.1010692999698222
352,jamaican_sub002,21,Female,100,Jamaican Creole,2,"Wen mi did deh a di airport, di pilot prepare di paperwork.",,33,,,,,,,,,,,,,,,,,0.3490899999742396,0.3488638999988325,0.34993179998127744,0.3532884999876842,0.3497647999902256,0.3481488000252284,0.348685699980706,0.3500946999993175,0.34924760001013055,0.34918109996942803,0.349117900012061,1.1011979000177234,
353,jamaican_sub002,21,Female,100,Jamaican Creole,2,Wah di advertisement fi di show interrupt during di broadcast?,Was di advertisment fi di show?,136,9.0,yellow,0,,,,,,,,,,,,,,0.3494627000181936,0.3493246999569237,0.3489827000303194,0.34934650000650436,0.34965550003107637,0.3498283000080846,0.35017539997352287,0.3491950999596156,0.3493057999876328,1.1010856000357307,,,
354,jamaican_sub002,21,Female,100,Jamaican Creole,2,"Dah advisor deh, di noble queen did prefer him among di royal ministers.",,66,,,,,,,,,,,,,,,,,0.3491129000321962,0.3500257999985479,0.3489932999946177,0.34830130002228543,0.34877589996904135,0.34889289998682216,0.346857100026682,0.34868470003129914,0.34813209995627403,0.34829090000130236,0.3483293000026606,0.34828459995333105,1.100511499971617
